  .   ____          _            __ _ _
 /\\ / ___'_ __ _ _(_)_ __  __ _ \ \ \ \
( ( )\___ | '_ | '_| | '_ \/ _` | \ \ \ \
 \\/  ___)| |_)| | | | | || (_| |  ) ) ) )
  '  |____| .__|_| |_|_| |_\__, | / / / /
 =========|_|==============|___/=/_/_/_/

 :: Spring Boot ::                (v3.3.0)

2026-07-28T17:09:04.082+05:30  INFO 2520 --- [lost-found-platform] [           main] c.u.lostfound.LostFoundApplication       : Starting LostFoundApplication v1.0.0 using Java 21.0.10 with PID 2520 (E:\MIT\SEM-III\LostAndFoundPlatform\backend\target\lost-found-platform-1.0.0.jar started by PARTH in E:\MIT\SEM-III\LostAndFoundPlatform\backend)
2026-07-28T17:09:04.089+05:30  INFO 2520 --- [lost-found-platform] [           main] c.u.lostfound.LostFoundApplication       : No active profile set, falling back to 1 default profile: "default"
2026-07-28T17:09:04.092+05:30 DEBUG 2520 --- [lost-found-platform] [           main] o.s.boot.SpringApplication               : Loading source class com.university.lostfound.LostFoundApplication
2026-07-28T17:09:04.266+05:30 DEBUG 2520 --- [lost-found-platform] [           main] ConfigServletWebServerApplicationContext : Refreshing org.springframework.boot.web.servlet.context.AnnotationConfigServletWebServerApplicationContext@5bf8fa12
2026-07-28T17:09:07.084+05:30  INFO 2520 --- [lost-found-platform] [           main] .s.d.r.c.RepositoryConfigurationDelegate : Bootstrapping Spring Data JPA repositories in DEFAULT mode.
2026-07-28T17:09:07.130+05:30 DEBUG 2520 --- [lost-found-platform] [           main] o.s.b.a.AutoConfigurationPackages        : @EnableAutoConfiguration was declared on a class in the package 'com.university.lostfound'. Automatic @Repository and @Entity scanning is enabled.
2026-07-28T17:09:07.336+05:30  INFO 2520 --- [lost-found-platform] [           main] .s.d.r.c.RepositoryConfigurationDelegate : Finished Spring Data repository scanning in 231 ms. Found 17 JPA repository interfaces.
2026-07-28T17:09:09.152+05:30 DEBUG 2520 --- [lost-found-platform] [           main] .s.b.w.e.t.TomcatServletWebServerFactory : Code archive: E:\MIT\SEM-III\LostAndFoundPlatform\backend\target\lost-found-platform-1.0.0.jar
2026-07-28T17:09:09.154+05:30 DEBUG 2520 --- [lost-found-platform] [           main] .s.b.w.e.t.TomcatServletWebServerFactory : Code archive: E:\MIT\SEM-III\LostAndFoundPlatform\backend\target\lost-found-platform-1.0.0.jar
2026-07-28T17:09:09.203+05:30 DEBUG 2520 --- [lost-found-platform] [           main] .s.b.w.e.t.TomcatServletWebServerFactory : None of the document roots [src/main/webapp, public, static] point to a directory and will be ignored.
2026-07-28T17:09:09.253+05:30  INFO 2520 --- [lost-found-platform] [           main] o.s.b.w.embedded.tomcat.TomcatWebServer  : Tomcat initialized with port 8080 (http)
2026-07-28T17:09:09.284+05:30  INFO 2520 --- [lost-found-platform] [           main] o.apache.catalina.core.StandardService   : Starting service [Tomcat]
2026-07-28T17:09:09.286+05:30  INFO 2520 --- [lost-found-platform] [           main] o.apache.catalina.core.StandardEngine    : Starting Servlet engine: [Apache Tomcat/10.1.24]
2026-07-28T17:09:09.382+05:30  INFO 2520 --- [lost-found-platform] [           main] o.a.c.c.C.[Tomcat].[localhost].[/]       : Initializing Spring embedded WebApplicationContext
2026-07-28T17:09:09.382+05:30 DEBUG 2520 --- [lost-found-platform] [           main] w.s.c.ServletWebServerApplicationContext : Published root WebApplicationContext as ServletContext attribute with name [org.springframework.web.context.WebApplicationContext.ROOT]
2026-07-28T17:09:09.386+05:30  INFO 2520 --- [lost-found-platform] [           main] w.s.c.ServletWebServerApplicationContext : Root WebApplicationContext: initialization completed in 5118 ms
2026-07-28T17:09:09.828+05:30  INFO 2520 --- [lost-found-platform] [           main] o.hibernate.jpa.internal.util.LogHelper  : HHH000204: Processing PersistenceUnitInfo [name: default]
2026-07-28T17:09:10.065+05:30  INFO 2520 --- [lost-found-platform] [           main] org.hibernate.Version                    : HHH000412: Hibernate ORM core version 6.5.2.Final
2026-07-28T17:09:10.213+05:30  INFO 2520 --- [lost-found-platform] [           main] o.h.c.internal.RegionFactoryInitiator    : HHH000026: Second-level cache disabled
2026-07-28T17:09:11.101+05:30  INFO 2520 --- [lost-found-platform] [           main] o.s.o.j.p.SpringPersistenceUnitInfo      : No LoadTimeWeaver setup: ignoring JPA class transformer
2026-07-28T17:09:11.179+05:30  INFO 2520 --- [lost-found-platform] [           main] com.zaxxer.hikari.HikariDataSource       : HikariPool-1 - Starting...
2026-07-28T17:09:11.964+05:30  INFO 2520 --- [lost-found-platform] [           main] com.zaxxer.hikari.pool.HikariPool        : HikariPool-1 - Added connection com.mysql.cj.jdbc.ConnectionImpl@7da77305
2026-07-28T17:09:11.968+05:30  INFO 2520 --- [lost-found-platform] [           main] com.zaxxer.hikari.HikariDataSource       : HikariPool-1 - Start completed.
2026-07-28T17:09:12.111+05:30  WARN 2520 --- [lost-found-platform] [           main] org.hibernate.orm.deprecation            : HHH90000025: MySQLDialect does not need to be specified explicitly using 'hibernate.dialect' (remove the property setting and it will be selected by default)
2026-07-28T17:09:15.790+05:30  INFO 2520 --- [lost-found-platform] [           main] o.h.e.t.j.p.i.JtaPlatformInitiator       : HHH000489: No JTA platform available (set 'hibernate.transaction.jta.platform' to enable JTA platform integration)
2026-07-28T17:09:15.792+05:30  INFO 2520 --- [lost-found-platform] [           main] j.LocalContainerEntityManagerFactoryBean : Initialized JPA EntityManagerFactory for persistence unit 'default'
2026-07-28T17:09:16.552+05:30 DEBUG 2520 --- [lost-found-platform] [           main] o.s.b.w.s.ServletContextInitializerBeans : Mapping filters: springSecurityFilterChain urls=[/*] order=-100, characterEncodingFilter urls=[/*] order=-2147483648, formContentFilter urls=[/*] order=-9900, requestContextFilter urls=[/*] order=-105, jwtAuthenticationFilter urls=[/*] order=2147483647
2026-07-28T17:09:16.554+05:30 DEBUG 2520 --- [lost-found-platform] [           main] o.s.b.w.s.ServletContextInitializerBeans : Mapping servlets: dispatcherServlet urls=[/]
2026-07-28T17:09:16.611+05:30 DEBUG 2520 --- [lost-found-platform] [           main] o.s.b.w.s.f.OrderedRequestContextFilter  : Filter 'requestContextFilter' configured for use
2026-07-28T17:09:16.611+05:30 DEBUG 2520 --- [lost-found-platform] [           main] s.b.w.s.f.OrderedCharacterEncodingFilter : Filter 'characterEncodingFilter' configured for use
2026-07-28T17:09:16.615+05:30 DEBUG 2520 --- [lost-found-platform] [           main] .DelegatingFilterProxyRegistrationBean$1 : Filter 'springSecurityFilterChain' configured for use
2026-07-28T17:09:16.615+05:30 DEBUG 2520 --- [lost-found-platform] [           main] o.s.b.w.s.f.OrderedFormContentFilter     : Filter 'formContentFilter' configured for use
2026-07-28T17:09:17.060+05:30  INFO 2520 --- [lost-found-platform] [           main] eAuthenticationProviderManagerConfigurer : Global AuthenticationManager configured with AuthenticationProvider bean with name authenticationProvider
2026-07-28T17:09:17.063+05:30  WARN 2520 --- [lost-found-platform] [           main] r$InitializeUserDetailsManagerConfigurer : Global AuthenticationManager configured with an AuthenticationProvider bean. UserDetailsService beans will not be used for username/password login. Consider removing the AuthenticationProvider bean. Alternatively, consider using the UserDetailsService in a manually instantiated DaoAuthenticationProvider.
2026-07-28T17:09:17.267+05:30  INFO 2520 --- [lost-found-platform] [           main] o.s.d.j.r.query.QueryEnhancerFactory     : Hibernate is in classpath; If applicable, HQL parser will be used.
2026-07-28T17:09:18.962+05:30  WARN 2520 --- [lost-found-platform] [           main] JpaBaseConfiguration$JpaWebConfiguration : spring.jpa.open-in-view is enabled by default. Therefore, database queries may be performed during view rendering. Explicitly configure spring.jpa.open-in-view to disable this warning
2026-07-28T17:09:19.601+05:30 DEBUG 2520 --- [lost-found-platform] [           main] s.w.s.m.m.a.RequestMappingHandlerMapping : 47 mappings in 'requestMappingHandlerMapping'
2026-07-28T17:09:19.976+05:30 DEBUG 2520 --- [lost-found-platform] [           main] o.s.w.s.handler.SimpleUrlHandlerMapping  : Patterns [/webjars/**, /**, /uploads/**] in 'resourceHandlerMapping'
2026-07-28T17:09:20.125+05:30  INFO 2520 --- [lost-found-platform] [           main] o.s.s.web.DefaultSecurityFilterChain     : Will secure any request with [org.springframework.security.web.session.DisableEncodeUrlFilter@232bfb3c, org.springframework.security.web.context.request.async.WebAsyncManagerIntegrationFilter@69cb296c, org.springframework.security.web.context.SecurityContextHolderFilter@6c927487, org.springframework.security.web.header.HeaderWriterFilter@7b4268e2, org.springframework.web.filter.CorsFilter@3014c46f, org.springframework.security.web.authentication.logout.LogoutFilter@19574274, com.university.lostfound.security.JwtAuthenticationFilter@4e773b8a, org.springframework.security.web.savedrequest.RequestCacheAwareFilter@f243d5c, org.springframework.security.web.servletapi.SecurityContextHolderAwareRequestFilter@6f2d0d25, org.springframework.security.web.authentication.AnonymousAuthenticationFilter@6abd88fe, org.springframework.security.web.session.SessionManagementFilter@50c8a382, org.springframework.security.web.access.ExceptionTranslationFilter@2e5cd959, org.springframework.security.web.access.intercept.AuthorizationFilter@2f8cb4c9]
2026-07-28T17:09:20.409+05:30 DEBUG 2520 --- [lost-found-platform] [           main] s.w.s.m.m.a.RequestMappingHandlerAdapter : ControllerAdvice beans: 0 @ModelAttribute, 0 @InitBinder, 1 RequestBodyAdvice, 1 ResponseBodyAdvice
2026-07-28T17:09:20.580+05:30 DEBUG 2520 --- [lost-found-platform] [           main] .m.m.a.ExceptionHandlerExceptionResolver : ControllerAdvice beans: 1 @ExceptionHandler, 1 ResponseBodyAdvice
2026-07-28T17:09:21.062+05:30  INFO 2520 --- [lost-found-platform] [           main] o.s.b.w.embedded.tomcat.TomcatWebServer  : Tomcat started on port 8080 (http) with context path '/'
2026-07-28T17:09:21.083+05:30 DEBUG 2520 --- [lost-found-platform] [           main] .s.b.a.l.ConditionEvaluationReportLogger : 


============================
CONDITIONS EVALUATION REPORT
============================


Positive matches:
-----------------

   AopAutoConfiguration matched:
      - @ConditionalOnProperty (spring.aop.auto=true) matched (OnPropertyCondition)

   AopAutoConfiguration.AspectJAutoProxyingConfiguration matched:
      - @ConditionalOnClass found required class 'org.aspectj.weaver.Advice' (OnClassCondition)

   AopAutoConfiguration.AspectJAutoProxyingConfiguration.CglibAutoProxyConfiguration matched:
      - @ConditionalOnProperty (spring.aop.proxy-target-class=true) matched (OnPropertyCondition)

   ApplicationAvailabilityAutoConfiguration#applicationAvailability matched:
      - @ConditionalOnMissingBean (types: org.springframework.boot.availability.ApplicationAvailability; SearchStrategy: all) did not find any beans (OnBeanCondition)

   DataSourceAutoConfiguration matched:
      - @ConditionalOnClass found required classes 'javax.sql.DataSource', 'org.springframework.jdbc.datasource.embedded.EmbeddedDatabaseType' (OnClassCondition)
      - @ConditionalOnMissingBean (types: io.r2dbc.spi.ConnectionFactory; SearchStrategy: all) did not find any beans (OnBeanCondition)

   DataSourceAutoConfiguration.PooledDataSourceConfiguration matched:
      - AnyNestedCondition 1 matched 1 did not; NestedCondition on DataSourceAutoConfiguration.PooledDataSourceCondition.PooledDataSourceAvailable PooledDataSource found supported DataSource; NestedCondition on DataSourceAutoConfiguration.PooledDataSourceCondition.ExplicitType @ConditionalOnProperty (spring.datasource.type) did not find property 'type' (DataSourceAutoConfiguration.PooledDataSourceCondition)
      - @ConditionalOnMissingBean (types: javax.sql.DataSource,javax.sql.XADataSource; SearchStrategy: all) did not find any beans (OnBeanCondition)

   DataSourceAutoConfiguration.PooledDataSourceConfiguration#jdbcConnectionDetails matched:
      - @ConditionalOnMissingBean (types: org.springframework.boot.autoconfigure.jdbc.JdbcConnectionDetails; SearchStrategy: all) did not find any beans (OnBeanCondition)

   DataSourceConfiguration.Hikari matched:
      - @ConditionalOnClass found required class 'com.zaxxer.hikari.HikariDataSource' (OnClassCondition)
      - @ConditionalOnProperty (spring.datasource.type=com.zaxxer.hikari.HikariDataSource) matched (OnPropertyCondition)
      - @ConditionalOnMissingBean (types: javax.sql.DataSource; SearchStrategy: all) did not find any beans (OnBeanCondition)

   DataSourceInitializationConfiguration matched:
      - @ConditionalOnClass found required class 'org.springframework.jdbc.datasource.init.DatabasePopulator' (OnClassCondition)
      - @ConditionalOnSingleCandidate (types: javax.sql.DataSource; SearchStrategy: all) found a single bean 'dataSource'; @ConditionalOnMissingBean (types: org.springframework.boot.autoconfigure.sql.init.SqlDataSourceScriptDatabaseInitializer,org.springframework.boot.autoconfigure.sql.init.SqlR2dbcScriptDatabaseInitializer; SearchStrategy: all) did not find any beans (OnBeanCondition)

   DataSourceJmxConfiguration matched:
      - @ConditionalOnProperty (spring.jmx.enabled=true) matched (OnPropertyCondition)

   DataSourceJmxConfiguration.Hikari matched:
      - @ConditionalOnClass found required class 'com.zaxxer.hikari.HikariDataSource' (OnClassCondition)
      - @ConditionalOnSingleCandidate (types: javax.sql.DataSource; SearchStrategy: all) found a single bean 'dataSource' (OnBeanCondition)

   DataSourcePoolMetadataProvidersConfiguration.HikariPoolDataSourceMetadataProviderConfiguration matched:
      - @ConditionalOnClass found required class 'com.zaxxer.hikari.HikariDataSource' (OnClassCondition)

   DataSourceTransactionManagerAutoConfiguration matched:
      - @ConditionalOnClass found required classes 'org.springframework.jdbc.core.JdbcTemplate', 'org.springframework.transaction.TransactionManager' (OnClassCondition)

   DataSourceTransactionManagerAutoConfiguration.JdbcTransactionManagerConfiguration matched:
      - @ConditionalOnSingleCandidate (types: javax.sql.DataSource; SearchStrategy: all) found a single bean 'dataSource' (OnBeanCondition)

   DispatcherServletAutoConfiguration matched:
      - @ConditionalOnClass found required class 'org.springframework.web.servlet.DispatcherServlet' (OnClassCondition)
      - found 'session' scope (OnWebApplicationCondition)

   DispatcherServletAutoConfiguration.DispatcherServletConfiguration matched:
      - @ConditionalOnClass found required class 'jakarta.servlet.ServletRegistration' (OnClassCondition)
      - Default DispatcherServlet did not find dispatcher servlet beans (DispatcherServletAutoConfiguration.DefaultDispatcherServletCondition)

   DispatcherServletAutoConfiguration.DispatcherServletRegistrationConfiguration matched:
      - @ConditionalOnClass found required class 'jakarta.servlet.ServletRegistration' (OnClassCondition)
      - DispatcherServlet Registration did not find servlet registration bean (DispatcherServletAutoConfiguration.DispatcherServletRegistrationCondition)

   DispatcherServletAutoConfiguration.DispatcherServletRegistrationConfiguration#dispatcherServletRegistration matched:
      - @ConditionalOnBean (names: dispatcherServlet types: org.springframework.web.servlet.DispatcherServlet; SearchStrategy: all) found bean 'dispatcherServlet' (OnBeanCondition)

   EmbeddedWebServerFactoryCustomizerAutoConfiguration matched:
      - @ConditionalOnWebApplication (required) found 'session' scope (OnWebApplicationCondition)
      - @ConditionalOnWarDeployment the application is not deployed as a WAR file. (OnWarDeploymentCondition)

   EmbeddedWebServerFactoryCustomizerAutoConfiguration.TomcatWebServerFactoryCustomizerConfiguration matched:
      - @ConditionalOnClass found required classes 'org.apache.catalina.startup.Tomcat', 'org.apache.coyote.UpgradeProtocol' (OnClassCondition)

   ErrorMvcAutoConfiguration matched:
      - @ConditionalOnClass found required classes 'jakarta.servlet.Servlet', 'org.springframework.web.servlet.DispatcherServlet' (OnClassCondition)
      - found 'session' scope (OnWebApplicationCondition)

   ErrorMvcAutoConfiguration#basicErrorController matched:
      - @ConditionalOnMissingBean (types: org.springframework.boot.web.servlet.error.ErrorController; SearchStrategy: current) did not find any beans (OnBeanCondition)

   ErrorMvcAutoConfiguration#errorAttributes matched:
      - @ConditionalOnMissingBean (types: org.springframework.boot.web.servlet.error.ErrorAttributes; SearchStrategy: current) did not find any beans (OnBeanCondition)

   ErrorMvcAutoConfiguration.DefaultErrorViewResolverConfiguration#conventionErrorViewResolver matched:
      - @ConditionalOnBean (types: org.springframework.web.servlet.DispatcherServlet; SearchStrategy: all) found bean 'dispatcherServlet'; @ConditionalOnMissingBean (types: org.springframework.boot.autoconfigure.web.servlet.error.ErrorViewResolver; SearchStrategy: all) did not find any beans (OnBeanCondition)

   ErrorMvcAutoConfiguration.WhitelabelErrorViewConfiguration matched:
      - @ConditionalOnProperty (server.error.whitelabel.enabled) matched (OnPropertyCondition)
      - ErrorTemplate Missing did not find error template view (ErrorMvcAutoConfiguration.ErrorTemplateMissingCondition)

   ErrorMvcAutoConfiguration.WhitelabelErrorViewConfiguration#beanNameViewResolver matched:
      - @ConditionalOnMissingBean (types: org.springframework.web.servlet.view.BeanNameViewResolver; SearchStrategy: all) did not find any beans (OnBeanCondition)

   ErrorMvcAutoConfiguration.WhitelabelErrorViewConfiguration#defaultErrorView matched:
      - @ConditionalOnMissingBean (names: error; SearchStrategy: all) did not find any beans (OnBeanCondition)

   GenericCacheConfiguration matched:
      - Cache org.springframework.boot.autoconfigure.cache.GenericCacheConfiguration automatic cache type (CacheCondition)

   HibernateJpaAutoConfiguration matched:
      - @ConditionalOnClass found required classes 'org.springframework.orm.jpa.LocalContainerEntityManagerFactoryBean', 'jakarta.persistence.EntityManager', 'org.hibernate.engine.spi.SessionImplementor' (OnClassCondition)

   HibernateJpaConfiguration matched:
      - @ConditionalOnSingleCandidate (types: javax.sql.DataSource; SearchStrategy: all) found a single bean 'dataSource' (OnBeanCondition)

   HttpEncodingAutoConfiguration matched:
      - @ConditionalOnClass found required class 'org.springframework.web.filter.CharacterEncodingFilter' (OnClassCondition)
      - found 'session' scope (OnWebApplicationCondition)
      - @ConditionalOnProperty (server.servlet.encoding.enabled) matched (OnPropertyCondition)

   HttpEncodingAutoConfiguration#characterEncodingFilter matched:
      - @ConditionalOnMissingBean (types: org.springframework.web.filter.CharacterEncodingFilter; SearchStrategy: all) did not find any beans (OnBeanCondition)

   HttpMessageConvertersAutoConfiguration matched:
      - @ConditionalOnClass found required class 'org.springframework.http.converter.HttpMessageConverter' (OnClassCondition)
      - NoneNestedConditions 0 matched 1 did not; NestedCondition on HttpMessageConvertersAutoConfiguration.NotReactiveWebApplicationCondition.ReactiveWebApplication did not find reactive web application classes (HttpMessageConvertersAutoConfiguration.NotReactiveWebApplicationCondition)

   HttpMessageConvertersAutoConfiguration#messageConverters matched:
      - @ConditionalOnMissingBean (types: org.springframework.boot.autoconfigure.http.HttpMessageConverters; SearchStrategy: all) did not find any beans (OnBeanCondition)

   HttpMessageConvertersAutoConfiguration.StringHttpMessageConverterConfiguration matched:
      - @ConditionalOnClass found required class 'org.springframework.http.converter.StringHttpMessageConverter' (OnClassCondition)

   HttpMessageConvertersAutoConfiguration.StringHttpMessageConverterConfiguration#stringHttpMessageConverter matched:
      - @ConditionalOnMissingBean (types: org.springframework.http.converter.StringHttpMessageConverter; SearchStrategy: all) did not find any beans (OnBeanCondition)

   JacksonAutoConfiguration matched:
      - @ConditionalOnClass found required class 'com.fasterxml.jackson.databind.ObjectMapper' (OnClassCondition)

   JacksonAutoConfiguration.Jackson2ObjectMapperBuilderCustomizerConfiguration matched:
      - @ConditionalOnClass found required class 'org.springframework.http.converter.json.Jackson2ObjectMapperBuilder' (OnClassCondition)

   JacksonAutoConfiguration.JacksonObjectMapperBuilderConfiguration matched:
      - @ConditionalOnClass found required class 'org.springframework.http.converter.json.Jackson2ObjectMapperBuilder' (OnClassCondition)

   JacksonAutoConfiguration.JacksonObjectMapperBuilderConfiguration#jacksonObjectMapperBuilder matched:
      - @ConditionalOnMissingBean (types: org.springframework.http.converter.json.Jackson2ObjectMapperBuilder; SearchStrategy: all) did not find any beans (OnBeanCondition)

   JacksonAutoConfiguration.JacksonObjectMapperConfiguration matched:
      - @ConditionalOnClass found required class 'org.springframework.http.converter.json.Jackson2ObjectMapperBuilder' (OnClassCondition)

   JacksonAutoConfiguration.JacksonObjectMapperConfiguration#jacksonObjectMapper matched:
      - @ConditionalOnMissingBean (types: com.fasterxml.jackson.databind.ObjectMapper; SearchStrategy: all) did not find any beans (OnBeanCondition)

   JacksonAutoConfiguration.ParameterNamesModuleConfiguration matched:
      - @ConditionalOnClass found required class 'com.fasterxml.jackson.module.paramnames.ParameterNamesModule' (OnClassCondition)

   JacksonAutoConfiguration.ParameterNamesModuleConfiguration#parameterNamesModule matched:
      - @ConditionalOnMissingBean (types: com.fasterxml.jackson.module.paramnames.ParameterNamesModule; SearchStrategy: all) did not find any beans (OnBeanCondition)

   JacksonHttpMessageConvertersConfiguration.MappingJackson2HttpMessageConverterConfiguration matched:
      - @ConditionalOnClass found required class 'com.fasterxml.jackson.databind.ObjectMapper' (OnClassCondition)
      - @ConditionalOnProperty (spring.mvc.converters.preferred-json-mapper=jackson) matched (OnPropertyCondition)
      - @ConditionalOnBean (types: com.fasterxml.jackson.databind.ObjectMapper; SearchStrategy: all) found bean 'jacksonObjectMapper' (OnBeanCondition)

   JacksonHttpMessageConvertersConfiguration.MappingJackson2HttpMessageConverterConfiguration#mappingJackson2HttpMessageConverter matched:
      - @ConditionalOnMissingBean (types: org.springframework.http.converter.json.MappingJackson2HttpMessageConverter ignored: org.springframework.hateoas.server.mvc.TypeConstrainedMappingJackson2HttpMessageConverter,org.springframework.data.rest.webmvc.alps.AlpsJsonHttpMessageConverter; SearchStrategy: all) did not find any beans (OnBeanCondition)

   JdbcClientAutoConfiguration matched:
      - @ConditionalOnSingleCandidate (types: org.springframework.jdbc.core.namedparam.NamedParameterJdbcTemplate; SearchStrategy: all) found a single bean 'namedParameterJdbcTemplate'; @ConditionalOnMissingBean (types: org.springframework.jdbc.core.simple.JdbcClient; SearchStrategy: all) did not find any beans (OnBeanCondition)

   JdbcTemplateAutoConfiguration matched:
      - @ConditionalOnClass found required classes 'javax.sql.DataSource', 'org.springframework.jdbc.core.JdbcTemplate' (OnClassCondition)
      - @ConditionalOnSingleCandidate (types: javax.sql.DataSource; SearchStrategy: all) found a single bean 'dataSource' (OnBeanCondition)

   JdbcTemplateConfiguration matched:
      - @ConditionalOnMissingBean (types: org.springframework.jdbc.core.JdbcOperations; SearchStrategy: all) did not find any beans (OnBeanCondition)

   JpaBaseConfiguration#entityManagerFactory matched:
      - @ConditionalOnMissingBean (types: org.springframework.orm.jpa.LocalContainerEntityManagerFactoryBean,jakarta.persistence.EntityManagerFactory; SearchStrategy: all) did not find any beans (OnBeanCondition)

   JpaBaseConfiguration#entityManagerFactoryBuilder matched:
      - @ConditionalOnMissingBean (types: org.springframework.boot.orm.jpa.EntityManagerFactoryBuilder; SearchStrategy: all) did not find any beans (OnBeanCondition)

   JpaBaseConfiguration#jpaVendorAdapter matched:
      - @ConditionalOnMissingBean (types: org.springframework.orm.jpa.JpaVendorAdapter; SearchStrategy: all) did not find any beans (OnBeanCondition)

   JpaBaseConfiguration#transactionManager matched:
      - @ConditionalOnMissingBean (types: org.springframework.transaction.TransactionManager; SearchStrategy: all) did not find any beans (OnBeanCondition)

   JpaBaseConfiguration.JpaWebConfiguration matched:
      - @ConditionalOnClass found required class 'org.springframework.web.servlet.config.annotation.WebMvcConfigurer' (OnClassCondition)
      - found 'session' scope (OnWebApplicationCondition)
      - @ConditionalOnProperty (spring.jpa.open-in-view=true) matched (OnPropertyCondition)
      - @ConditionalOnMissingBean (types: org.springframework.orm.jpa.support.OpenEntityManagerInViewInterceptor,org.springframework.orm.jpa.support.OpenEntityManagerInViewFilter; SearchStrategy: all) did not find any beans (OnBeanCondition)

   JpaBaseConfiguration.PersistenceManagedTypesConfiguration matched:
      - @ConditionalOnMissingBean (types: org.springframework.orm.jpa.LocalContainerEntityManagerFactoryBean,jakarta.persistence.EntityManagerFactory; SearchStrategy: all) did not find any beans (OnBeanCondition)

   JpaBaseConfiguration.PersistenceManagedTypesConfiguration#persistenceManagedTypes matched:
      - @ConditionalOnMissingBean (types: org.springframework.orm.jpa.persistenceunit.PersistenceManagedTypes; SearchStrategy: all) did not find any beans (OnBeanCondition)

   JpaRepositoriesAutoConfiguration matched:
      - @ConditionalOnClass found required class 'org.springframework.data.jpa.repository.JpaRepository' (OnClassCondition)
      - @ConditionalOnProperty (spring.data.jpa.repositories.enabled=true) matched (OnPropertyCondition)
      - @ConditionalOnBean (types: javax.sql.DataSource; SearchStrategy: all) found bean 'dataSource'; @ConditionalOnMissingBean (types: org.springframework.data.jpa.repository.support.JpaRepositoryFactoryBean,org.springframework.data.jpa.repository.config.JpaRepositoryConfigExtension; SearchStrategy: all) did not find any beans (OnBeanCondition)

   JtaAutoConfiguration matched:
      - @ConditionalOnClass found required class 'jakarta.transaction.Transaction' (OnClassCondition)
      - @ConditionalOnProperty (spring.jta.enabled) matched (OnPropertyCondition)

   LifecycleAutoConfiguration#defaultLifecycleProcessor matched:
      - @ConditionalOnMissingBean (names: lifecycleProcessor; SearchStrategy: current) did not find any beans (OnBeanCondition)

   MultipartAutoConfiguration matched:
      - @ConditionalOnClass found required classes 'jakarta.servlet.Servlet', 'org.springframework.web.multipart.support.StandardServletMultipartResolver', 'jakarta.servlet.MultipartConfigElement' (OnClassCondition)
      - found 'session' scope (OnWebApplicationCondition)
      - @ConditionalOnProperty (spring.servlet.multipart.enabled) matched (OnPropertyCondition)

   MultipartAutoConfiguration#multipartConfigElement matched:
      - @ConditionalOnMissingBean (types: jakarta.servlet.MultipartConfigElement; SearchStrategy: all) did not find any beans (OnBeanCondition)

   MultipartAutoConfiguration#multipartResolver matched:
      - @ConditionalOnMissingBean (types: org.springframework.web.multipart.MultipartResolver; SearchStrategy: all) did not find any beans (OnBeanCondition)

   NamedParameterJdbcTemplateConfiguration matched:
      - @ConditionalOnSingleCandidate (types: org.springframework.jdbc.core.JdbcTemplate; SearchStrategy: all) found a single bean 'jdbcTemplate'; @ConditionalOnMissingBean (types: org.springframework.jdbc.core.namedparam.NamedParameterJdbcOperations; SearchStrategy: all) did not find any beans (OnBeanCondition)

   NoOpCacheConfiguration matched:
      - Cache org.springframework.boot.autoconfigure.cache.NoOpCacheConfiguration automatic cache type (CacheCondition)

   PersistenceExceptionTranslationAutoConfiguration matched:
      - @ConditionalOnClass found required class 'org.springframework.dao.annotation.PersistenceExceptionTranslationPostProcessor' (OnClassCondition)

   PersistenceExceptionTranslationAutoConfiguration#persistenceExceptionTranslationPostProcessor matched:
      - @ConditionalOnProperty (spring.dao.exceptiontranslation.enabled) matched (OnPropertyCondition)
      - @ConditionalOnMissingBean (types: org.springframework.dao.annotation.PersistenceExceptionTranslationPostProcessor; SearchStrategy: all) did not find any beans (OnBeanCondition)

   PropertyPlaceholderAutoConfiguration#propertySourcesPlaceholderConfigurer matched:
      - @ConditionalOnMissingBean (types: org.springframework.context.support.PropertySourcesPlaceholderConfigurer; SearchStrategy: current) did not find any beans (OnBeanCondition)

   RestClientAutoConfiguration matched:
      - @ConditionalOnClass found required class 'org.springframework.web.client.RestClient' (OnClassCondition)
      - NoneNestedConditions 0 matched 1 did not; NestedCondition on NotReactiveWebApplicationCondition.ReactiveWebApplication did not find reactive web application classes (NotReactiveWebApplicationCondition)

   RestClientAutoConfiguration#httpMessageConvertersRestClientCustomizer matched:
      - @ConditionalOnMissingBean (types: org.springframework.boot.autoconfigure.web.client.HttpMessageConvertersRestClientCustomizer; SearchStrategy: all) did not find any beans (OnBeanCondition)

   RestClientAutoConfiguration#restClientBuilder matched:
      - @ConditionalOnMissingBean (types: org.springframework.web.client.RestClient$Builder; SearchStrategy: all) did not find any beans (OnBeanCondition)

   RestClientAutoConfiguration#restClientBuilderConfigurer matched:
      - @ConditionalOnMissingBean (types: org.springframework.boot.autoconfigure.web.client.RestClientBuilderConfigurer; SearchStrategy: all) did not find any beans (OnBeanCondition)

   RestClientAutoConfiguration#restClientSsl matched:
      - @ConditionalOnBean (types: org.springframework.boot.ssl.SslBundles; SearchStrategy: all) found bean 'sslBundleRegistry'; @ConditionalOnMissingBean (types: org.springframework.boot.autoconfigure.web.client.RestClientSsl; SearchStrategy: all) did not find any beans (OnBeanCondition)

   RestTemplateAutoConfiguration matched:
      - @ConditionalOnClass found required class 'org.springframework.web.client.RestTemplate' (OnClassCondition)
      - NoneNestedConditions 0 matched 1 did not; NestedCondition on NotReactiveWebApplicationCondition.ReactiveWebApplication did not find reactive web application classes (NotReactiveWebApplicationCondition)

   RestTemplateAutoConfiguration#restTemplateBuilder matched:
      - @ConditionalOnMissingBean (types: org.springframework.boot.web.client.RestTemplateBuilder; SearchStrategy: all) did not find any beans (OnBeanCondition)

   SecurityAutoConfiguration matched:
      - @ConditionalOnClass found required class 'org.springframework.security.authentication.DefaultAuthenticationEventPublisher' (OnClassCondition)

   SecurityAutoConfiguration#authenticationEventPublisher matched:
      - @ConditionalOnMissingBean (types: org.springframework.security.authentication.AuthenticationEventPublisher; SearchStrategy: all) did not find any beans (OnBeanCondition)

   SecurityFilterAutoConfiguration matched:
      - @ConditionalOnClass found required classes 'org.springframework.security.web.context.AbstractSecurityWebApplicationInitializer', 'org.springframework.security.config.http.SessionCreationPolicy' (OnClassCondition)
      - found 'session' scope (OnWebApplicationCondition)

   SecurityFilterAutoConfiguration#securityFilterChainRegistration matched:
      - @ConditionalOnBean (names: springSecurityFilterChain; SearchStrategy: all) found bean 'springSecurityFilterChain' (OnBeanCondition)

   ServletWebServerFactoryAutoConfiguration matched:
      - @ConditionalOnClass found required class 'jakarta.servlet.ServletRequest' (OnClassCondition)
      - found 'session' scope (OnWebApplicationCondition)

   ServletWebServerFactoryAutoConfiguration#tomcatServletWebServerFactoryCustomizer matched:
      - @ConditionalOnClass found required class 'org.apache.catalina.startup.Tomcat' (OnClassCondition)

   ServletWebServerFactoryConfiguration.EmbeddedTomcat matched:
      - @ConditionalOnClass found required classes 'jakarta.servlet.Servlet', 'org.apache.catalina.startup.Tomcat', 'org.apache.coyote.UpgradeProtocol' (OnClassCondition)
      - @ConditionalOnMissingBean (types: org.springframework.boot.web.servlet.server.ServletWebServerFactory; SearchStrategy: current) did not find any beans (OnBeanCondition)

   SimpleCacheConfiguration matched:
      - Cache org.springframework.boot.autoconfigure.cache.SimpleCacheConfiguration automatic cache type (CacheCondition)

   SpringBootWebSecurityConfiguration matched:
      - found 'session' scope (OnWebApplicationCondition)

   SpringDataWebAutoConfiguration matched:
      - @ConditionalOnClass found required classes 'org.springframework.data.web.PageableHandlerMethodArgumentResolver', 'org.springframework.web.servlet.config.annotation.WebMvcConfigurer' (OnClassCondition)
      - found 'session' scope (OnWebApplicationCondition)
      - @ConditionalOnMissingBean (types: org.springframework.data.web.PageableHandlerMethodArgumentResolver; SearchStrategy: all) did not find any beans (OnBeanCondition)

   SpringDataWebAutoConfiguration#pageableCustomizer matched:
      - @ConditionalOnMissingBean (types: org.springframework.data.web.config.PageableHandlerMethodArgumentResolverCustomizer; SearchStrategy: all) did not find any beans (OnBeanCondition)

   SpringDataWebAutoConfiguration#sortCustomizer matched:
      - @ConditionalOnMissingBean (types: org.springframework.data.web.config.SortHandlerMethodArgumentResolverCustomizer; SearchStrategy: all) did not find any beans (OnBeanCondition)

   SqlInitializationAutoConfiguration matched:
      - @ConditionalOnProperty (spring.sql.init.enabled) matched (OnPropertyCondition)
      - NoneNestedConditions 0 matched 1 did not; NestedCondition on SqlInitializationAutoConfiguration.SqlInitializationModeCondition.ModeIsNever @ConditionalOnProperty (spring.sql.init.mode=never) did not find property 'mode' (SqlInitializationAutoConfiguration.SqlInitializationModeCondition)

   SslAutoConfiguration#sslBundleRegistry matched:
      - @ConditionalOnMissingBean (types: org.springframework.boot.ssl.SslBundleRegistry,org.springframework.boot.ssl.SslBundles; SearchStrategy: all) did not find any beans (OnBeanCondition)

   TaskExecutionAutoConfiguration matched:
      - @ConditionalOnClass found required class 'org.springframework.scheduling.concurrent.ThreadPoolTaskExecutor' (OnClassCondition)

   TaskExecutorConfigurations.SimpleAsyncTaskExecutorBuilderConfiguration#simpleAsyncTaskExecutorBuilder matched:
      - @ConditionalOnMissingBean (types: org.springframework.boot.task.SimpleAsyncTaskExecutorBuilder; SearchStrategy: all) did not find any beans (OnBeanCondition)
      - @ConditionalOnThreading found PLATFORM (OnThreadingCondition)

   TaskExecutorConfigurations.TaskExecutorBuilderConfiguration#taskExecutorBuilder matched:
      - @ConditionalOnMissingBean (types: org.springframework.boot.task.TaskExecutorBuilder; SearchStrategy: all) did not find any beans (OnBeanCondition)

   TaskExecutorConfigurations.TaskExecutorConfiguration matched:
      - @ConditionalOnMissingBean (types: java.util.concurrent.Executor; SearchStrategy: all) did not find any beans (OnBeanCondition)

   TaskExecutorConfigurations.TaskExecutorConfiguration#applicationTaskExecutor matched:
      - @ConditionalOnThreading found PLATFORM (OnThreadingCondition)

   TaskExecutorConfigurations.ThreadPoolTaskExecutorBuilderConfiguration#threadPoolTaskExecutorBuilder matched:
      - @ConditionalOnMissingBean (types: org.springframework.boot.task.TaskExecutorBuilder,org.springframework.boot.task.ThreadPoolTaskExecutorBuilder; SearchStrategy: all) did not find any beans (OnBeanCondition)

   TaskSchedulingAutoConfiguration matched:
      - @ConditionalOnClass found required class 'org.springframework.scheduling.concurrent.ThreadPoolTaskScheduler' (OnClassCondition)

   TaskSchedulingConfigurations.SimpleAsyncTaskSchedulerBuilderConfiguration#simpleAsyncTaskSchedulerBuilder matched:
      - @ConditionalOnMissingBean (types: org.springframework.boot.task.SimpleAsyncTaskSchedulerBuilder; SearchStrategy: all) did not find any beans (OnBeanCondition)
      - @ConditionalOnThreading found PLATFORM (OnThreadingCondition)

   TaskSchedulingConfigurations.TaskSchedulerBuilderConfiguration#taskSchedulerBuilder matched:
      - @ConditionalOnMissingBean (types: org.springframework.boot.task.TaskSchedulerBuilder; SearchStrategy: all) did not find any beans (OnBeanCondition)

   TaskSchedulingConfigurations.ThreadPoolTaskSchedulerBuilderConfiguration#threadPoolTaskSchedulerBuilder matched:
      - @ConditionalOnMissingBean (types: org.springframework.boot.task.TaskSchedulerBuilder,org.springframework.boot.task.ThreadPoolTaskSchedulerBuilder; SearchStrategy: all) did not find any beans (OnBeanCondition)

   TransactionAutoConfiguration matched:
      - @ConditionalOnClass found required class 'org.springframework.transaction.PlatformTransactionManager' (OnClassCondition)

   TransactionAutoConfiguration.EnableTransactionManagementConfiguration matched:
      - @ConditionalOnBean (types: org.springframework.transaction.TransactionManager; SearchStrategy: all) found bean 'transactionManager'; @ConditionalOnMissingBean (types: org.springframework.transaction.annotation.AbstractTransactionManagementConfiguration; SearchStrategy: all) did not find any beans (OnBeanCondition)

   TransactionAutoConfiguration.EnableTransactionManagementConfiguration.CglibAutoProxyConfiguration matched:
      - @ConditionalOnProperty (spring.aop.proxy-target-class=true) matched (OnPropertyCondition)

   TransactionAutoConfiguration.TransactionTemplateConfiguration matched:
      - @ConditionalOnSingleCandidate (types: org.springframework.transaction.PlatformTransactionManager; SearchStrategy: all) found a single bean 'transactionManager' (OnBeanCondition)

   TransactionAutoConfiguration.TransactionTemplateConfiguration#transactionTemplate matched:
      - @ConditionalOnMissingBean (types: org.springframework.transaction.support.TransactionOperations; SearchStrategy: all) did not find any beans (OnBeanCondition)

   TransactionManagerCustomizationAutoConfiguration matched:
      - @ConditionalOnClass found required class 'org.springframework.transaction.PlatformTransactionManager' (OnClassCondition)

   TransactionManagerCustomizationAutoConfiguration#platformTransactionManagerCustomizers matched:
      - @ConditionalOnMissingBean (types: org.springframework.boot.autoconfigure.transaction.TransactionManagerCustomizers; SearchStrategy: all) did not find any beans (OnBeanCondition)

   ValidationAutoConfiguration matched:
      - @ConditionalOnClass found required class 'jakarta.validation.executable.ExecutableValidator' (OnClassCondition)
      - @ConditionalOnResource found location classpath:META-INF/services/jakarta.validation.spi.ValidationProvider (OnResourceCondition)

   ValidationAutoConfiguration#defaultValidator matched:
      - @ConditionalOnMissingBean (types: jakarta.validation.Validator; SearchStrategy: all) did not find any beans (OnBeanCondition)

   ValidationAutoConfiguration#methodValidationPostProcessor matched:
      - @ConditionalOnMissingBean (types: org.springframework.validation.beanvalidation.MethodValidationPostProcessor; SearchStrategy: current) did not find any beans (OnBeanCondition)

   WebMvcAutoConfiguration matched:
      - @ConditionalOnClass found required classes 'jakarta.servlet.Servlet', 'org.springframework.web.servlet.DispatcherServlet', 'org.springframework.web.servlet.config.annotation.WebMvcConfigurer' (OnClassCondition)
      - found 'session' scope (OnWebApplicationCondition)
      - @ConditionalOnMissingBean (types: org.springframework.web.servlet.config.annotation.WebMvcConfigurationSupport; SearchStrategy: all) did not find any beans (OnBeanCondition)

   WebMvcAutoConfiguration#formContentFilter matched:
      - @ConditionalOnProperty (spring.mvc.formcontent.filter.enabled) matched (OnPropertyCondition)
      - @ConditionalOnMissingBean (types: org.springframework.web.filter.FormContentFilter; SearchStrategy: all) did not find any beans (OnBeanCondition)

   WebMvcAutoConfiguration.EnableWebMvcConfiguration#flashMapManager matched:
      - @ConditionalOnMissingBean (names: flashMapManager; SearchStrategy: all) did not find any beans (OnBeanCondition)

   WebMvcAutoConfiguration.EnableWebMvcConfiguration#localeResolver matched:
      - @ConditionalOnMissingBean (names: localeResolver; SearchStrategy: all) did not find any beans (OnBeanCondition)

   WebMvcAutoConfiguration.EnableWebMvcConfiguration#themeResolver matched:
      - @ConditionalOnMissingBean (names: themeResolver; SearchStrategy: all) did not find any beans (OnBeanCondition)

   WebMvcAutoConfiguration.WebMvcAutoConfigurationAdapter#defaultViewResolver matched:
      - @ConditionalOnMissingBean (types: org.springframework.web.servlet.view.InternalResourceViewResolver; SearchStrategy: all) did not find any beans (OnBeanCondition)

   WebMvcAutoConfiguration.WebMvcAutoConfigurationAdapter#requestContextFilter matched:
      - @ConditionalOnMissingBean (types: org.springframework.web.context.request.RequestContextListener,org.springframework.web.filter.RequestContextFilter; SearchStrategy: all) did not find any beans (OnBeanCondition)

   WebMvcAutoConfiguration.WebMvcAutoConfigurationAdapter#viewResolver matched:
      - @ConditionalOnBean (types: org.springframework.web.servlet.ViewResolver; SearchStrategy: all) found beans 'defaultViewResolver', 'beanNameViewResolver', 'mvcViewResolver'; @ConditionalOnMissingBean (names: viewResolver types: org.springframework.web.servlet.view.ContentNegotiatingViewResolver; SearchStrategy: all) did not find any beans (OnBeanCondition)

   WebSocketServletAutoConfiguration matched:
      - @ConditionalOnClass found required classes 'jakarta.servlet.Servlet', 'jakarta.websocket.server.ServerContainer' (OnClassCondition)
      - found 'session' scope (OnWebApplicationCondition)

   WebSocketServletAutoConfiguration.TomcatWebSocketConfiguration matched:
      - @ConditionalOnClass found required classes 'org.apache.catalina.startup.Tomcat', 'org.apache.tomcat.websocket.server.WsSci' (OnClassCondition)

   WebSocketServletAutoConfiguration.TomcatWebSocketConfiguration#websocketServletWebServerCustomizer matched:
      - @ConditionalOnMissingBean (names: websocketServletWebServerCustomizer; SearchStrategy: all) did not find any beans (OnBeanCondition)


Negative matches:
-----------------

   ActiveMQAutoConfiguration:
      Did not match:
         - @ConditionalOnClass did not find required class 'jakarta.jms.ConnectionFactory' (OnClassCondition)

   AopAutoConfiguration.AspectJAutoProxyingConfiguration.JdkDynamicAutoProxyConfiguration:
      Did not match:
         - @ConditionalOnProperty (spring.aop.proxy-target-class=false) did not find property 'proxy-target-class' (OnPropertyCondition)

   AopAutoConfiguration.ClassProxyingConfiguration:
      Did not match:
         - @ConditionalOnMissingClass found unwanted class 'org.aspectj.weaver.Advice' (OnClassCondition)

   ArtemisAutoConfiguration:
      Did not match:
         - @ConditionalOnClass did not find required class 'jakarta.jms.ConnectionFactory' (OnClassCondition)

   BatchAutoConfiguration:
      Did not match:
         - @ConditionalOnClass did not find required class 'org.springframework.batch.core.launch.JobLauncher' (OnClassCondition)

   Cache2kCacheConfiguration:
      Did not match:
         - @ConditionalOnClass did not find required class 'org.cache2k.Cache2kBuilder' (OnClassCondition)

   CacheAutoConfiguration:
      Did not match:
         - @ConditionalOnBean (types: org.springframework.cache.interceptor.CacheAspectSupport; SearchStrategy: all) did not find any beans of type org.springframework.cache.interceptor.CacheAspectSupport (OnBeanCondition)
      Matched:
         - @ConditionalOnClass found required class 'org.springframework.cache.CacheManager' (OnClassCondition)

   CacheAutoConfiguration.CacheManagerEntityManagerFactoryDependsOnPostProcessor:
      Did not match:
         - Ancestor org.springframework.boot.autoconfigure.cache.CacheAutoConfiguration did not match (ConditionEvaluationReport.AncestorsMatchedCondition)
      Matched:
         - @ConditionalOnClass found required class 'org.springframework.orm.jpa.LocalContainerEntityManagerFactoryBean' (OnClassCondition)

   CaffeineCacheConfiguration:
      Did not match:
         - @ConditionalOnClass did not find required class 'com.github.benmanes.caffeine.cache.Caffeine' (OnClassCondition)

   CassandraAutoConfiguration:
      Did not match:
         - @ConditionalOnClass did not find required class 'com.datastax.oss.driver.api.core.CqlSession' (OnClassCondition)

   CassandraDataAutoConfiguration:
      Did not match:
         - @ConditionalOnClass did not find required class 'com.datastax.oss.driver.api.core.CqlSession' (OnClassCondition)

   CassandraReactiveDataAutoConfiguration:
      Did not match:
         - @ConditionalOnClass did not find required class 'com.datastax.oss.driver.api.core.CqlSession' (OnClassCondition)

   CassandraReactiveRepositoriesAutoConfiguration:
      Did not match:
         - @ConditionalOnClass did not find required class 'org.springframework.data.cassandra.ReactiveSession' (OnClassCondition)

   CassandraRepositoriesAutoConfiguration:
      Did not match:
         - @ConditionalOnClass did not find required class 'com.datastax.oss.driver.api.core.CqlSession' (OnClassCondition)

   ClientHttpConnectorAutoConfiguration:
      Did not match:
         - @ConditionalOnClass did not find required class 'org.springframework.web.reactive.function.client.WebClient' (OnClassCondition)

   CodecsAutoConfiguration:
      Did not match:
         - @ConditionalOnClass did not find required class 'org.springframework.web.reactive.function.client.WebClient' (OnClassCondition)

   CouchbaseAutoConfiguration:
      Did not match:
         - @ConditionalOnClass did not find required class 'com.couchbase.client.java.Cluster' (OnClassCondition)

   CouchbaseCacheConfiguration:
      Did not match:
         - @ConditionalOnClass did not find required class 'com.couchbase.client.java.Cluster' (OnClassCondition)

   CouchbaseDataAutoConfiguration:
      Did not match:
         - @ConditionalOnClass did not find required class 'com.couchbase.client.java.Bucket' (OnClassCondition)

   CouchbaseReactiveDataAutoConfiguration:
      Did not match:
         - @ConditionalOnClass did not find required class 'com.couchbase.client.java.Cluster' (OnClassCondition)

   CouchbaseReactiveRepositoriesAutoConfiguration:
      Did not match:
         - @ConditionalOnClass did not find required class 'com.couchbase.client.java.Cluster' (OnClassCondition)

   CouchbaseRepositoriesAutoConfiguration:
      Did not match:
         - @ConditionalOnClass did not find required class 'com.couchbase.client.java.Bucket' (OnClassCondition)

   DataSourceAutoConfiguration.EmbeddedDatabaseConfiguration:
      Did not match:
         - EmbeddedDataSource spring.datasource.url is set (DataSourceAutoConfiguration.EmbeddedDatabaseCondition)

   DataSourceCheckpointRestoreConfiguration:
      Did not match:
         - @ConditionalOnClass did not find required class 'org.crac.Resource' (OnClassCondition)

   DataSourceConfiguration.Dbcp2:
      Did not match:
         - @ConditionalOnClass did not find required class 'org.apache.commons.dbcp2.BasicDataSource' (OnClassCondition)

   DataSourceConfiguration.Generic:
      Did not match:
         - @ConditionalOnProperty (spring.datasource.type) did not find property 'spring.datasource.type' (OnPropertyCondition)

   DataSourceConfiguration.OracleUcp:
      Did not match:
         - @ConditionalOnClass did not find required classes 'oracle.ucp.jdbc.PoolDataSourceImpl', 'oracle.jdbc.OracleConnection' (OnClassCondition)

   DataSourceConfiguration.Tomcat:
      Did not match:
         - @ConditionalOnClass did not find required class 'org.apache.tomcat.jdbc.pool.DataSource' (OnClassCondition)

   DataSourceJmxConfiguration.TomcatDataSourceJmxConfiguration:
      Did not match:
         - @ConditionalOnClass did not find required class 'org.apache.tomcat.jdbc.pool.DataSourceProxy' (OnClassCondition)

   DataSourcePoolMetadataProvidersConfiguration.CommonsDbcp2PoolDataSourceMetadataProviderConfiguration:
      Did not match:
         - @ConditionalOnClass did not find required class 'org.apache.commons.dbcp2.BasicDataSource' (OnClassCondition)

   DataSourcePoolMetadataProvidersConfiguration.OracleUcpPoolDataSourceMetadataProviderConfiguration:
      Did not match:
         - @ConditionalOnClass did not find required classes 'oracle.ucp.jdbc.PoolDataSource', 'oracle.jdbc.OracleConnection' (OnClassCondition)

   DataSourcePoolMetadataProvidersConfiguration.TomcatDataSourcePoolMetadataProviderConfiguration:
      Did not match:
         - @ConditionalOnClass did not find required class 'org.apache.tomcat.jdbc.pool.DataSource' (OnClassCondition)

   DataSourceTransactionManagerAutoConfiguration.JdbcTransactionManagerConfiguration#transactionManager:
      Did not match:
         - @ConditionalOnMissingBean (types: org.springframework.transaction.TransactionManager; SearchStrategy: all) found beans of type 'org.springframework.transaction.TransactionManager' transactionManager (OnBeanCondition)

   DispatcherServletAutoConfiguration.DispatcherServletConfiguration#multipartResolver:
      Did not match:
         - @ConditionalOnBean (types: org.springframework.web.multipart.MultipartResolver; SearchStrategy: all) did not find any beans of type org.springframework.web.multipart.MultipartResolver (OnBeanCondition)

   ElasticsearchClientAutoConfiguration:
      Did not match:
         - @ConditionalOnClass did not find required class 'co.elastic.clients.elasticsearch.ElasticsearchClient' (OnClassCondition)

   ElasticsearchDataAutoConfiguration:
      Did not match:
         - @ConditionalOnClass did not find required class 'org.springframework.data.elasticsearch.client.elc.ElasticsearchTemplate' (OnClassCondition)

   ElasticsearchRepositoriesAutoConfiguration:
      Did not match:
         - @ConditionalOnClass did not find required class 'org.springframework.data.elasticsearch.repository.ElasticsearchRepository' (OnClassCondition)

   ElasticsearchRestClientAutoConfiguration:
      Did not match:
         - @ConditionalOnClass did not find required class 'org.elasticsearch.client.RestClientBuilder' (OnClassCondition)

   EmbeddedLdapAutoConfiguration:
      Did not match:
         - @ConditionalOnClass did not find required class 'com.unboundid.ldap.listener.InMemoryDirectoryServer' (OnClassCondition)

   EmbeddedWebServerFactoryCustomizerAutoConfiguration.JettyWebServerFactoryCustomizerConfiguration:
      Did not match:
         - @ConditionalOnClass did not find required classes 'org.eclipse.jetty.server.Server', 'org.eclipse.jetty.util.Loader', 'org.eclipse.jetty.ee10.webapp.WebAppContext' (OnClassCondition)

   EmbeddedWebServerFactoryCustomizerAutoConfiguration.NettyWebServerFactoryCustomizerConfiguration:
      Did not match:
         - @ConditionalOnClass did not find required class 'reactor.netty.http.server.HttpServer' (OnClassCondition)

   EmbeddedWebServerFactoryCustomizerAutoConfiguration.TomcatWebServerFactoryCustomizerConfiguration#tomcatVirtualThreadsProtocolHandlerCustomizer:
      Did not match:
         - @ConditionalOnThreading did not find VIRTUAL (OnThreadingCondition)

   EmbeddedWebServerFactoryCustomizerAutoConfiguration.UndertowWebServerFactoryCustomizerConfiguration:
      Did not match:
         - @ConditionalOnClass did not find required classes 'io.undertow.Undertow', 'org.xnio.SslClientAuthMode' (OnClassCondition)

   ErrorWebFluxAutoConfiguration:
      Did not match:
         - @ConditionalOnClass did not find required class 'org.springframework.web.reactive.config.WebFluxConfigurer' (OnClassCondition)

   FlywayAutoConfiguration:
      Did not match:
         - @ConditionalOnClass did not find required class 'org.flywaydb.core.Flyway' (OnClassCondition)

   FreeMarkerAutoConfiguration:
      Did not match:
         - @ConditionalOnClass did not find required class 'freemarker.template.Configuration' (OnClassCondition)

   GraphQlAutoConfiguration:
      Did not match:
         - @ConditionalOnClass did not find required class 'graphql.GraphQL' (OnClassCondition)

   GraphQlQueryByExampleAutoConfiguration:
      Did not match:
         - @ConditionalOnClass did not find required class 'graphql.GraphQL' (OnClassCondition)

   GraphQlQuerydslAutoConfiguration:
      Did not match:
         - @ConditionalOnClass did not find required class 'com.querydsl.core.Query' (OnClassCondition)

   GraphQlRSocketAutoConfiguration:
      Did not match:
         - @ConditionalOnClass did not find required class 'graphql.GraphQL' (OnClassCondition)

   GraphQlReactiveQueryByExampleAutoConfiguration:
      Did not match:
         - @ConditionalOnClass did not find required class 'graphql.GraphQL' (OnClassCondition)

   GraphQlReactiveQuerydslAutoConfiguration:
      Did not match:
         - @ConditionalOnClass did not find required class 'com.querydsl.core.Query' (OnClassCondition)

   GraphQlWebFluxAutoConfiguration:
      Did not match:
         - @ConditionalOnClass did not find required class 'graphql.GraphQL' (OnClassCondition)

   GraphQlWebFluxSecurityAutoConfiguration:
      Did not match:
         - @ConditionalOnClass did not find required class 'graphql.GraphQL' (OnClassCondition)

   GraphQlWebMvcAutoConfiguration:
      Did not match:
         - @ConditionalOnClass did not find required class 'graphql.GraphQL' (OnClassCondition)

   GraphQlWebMvcSecurityAutoConfiguration:
      Did not match:
         - @ConditionalOnClass did not find required class 'graphql.GraphQL' (OnClassCondition)

   GroovyTemplateAutoConfiguration:
      Did not match:
         - @ConditionalOnClass did not find required class 'groovy.text.markup.MarkupTemplateEngine' (OnClassCondition)

   GsonAutoConfiguration:
      Did not match:
         - @ConditionalOnClass did not find required class 'com.google.gson.Gson' (OnClassCondition)

   GsonHttpMessageConvertersConfiguration:
      Did not match:
         - @ConditionalOnClass did not find required class 'com.google.gson.Gson' (OnClassCondition)

   H2ConsoleAutoConfiguration:
      Did not match:
         - @ConditionalOnClass did not find required class 'org.h2.server.web.JakartaWebServlet' (OnClassCondition)

   HazelcastAutoConfiguration:
      Did not match:
         - @ConditionalOnClass did not find required class 'com.hazelcast.core.HazelcastInstance' (OnClassCondition)

   HazelcastCacheConfiguration:
      Did not match:
         - @ConditionalOnClass did not find required class 'com.hazelcast.core.HazelcastInstance' (OnClassCondition)

   HazelcastJpaDependencyAutoConfiguration:
      Did not match:
         - @ConditionalOnClass did not find required class 'com.hazelcast.core.HazelcastInstance' (OnClassCondition)

   HttpHandlerAutoConfiguration:
      Did not match:
         - @ConditionalOnClass did not find required class 'org.springframework.web.reactive.DispatcherHandler' (OnClassCondition)

   HypermediaAutoConfiguration:
      Did not match:
         - @ConditionalOnClass did not find required class 'org.springframework.hateoas.EntityModel' (OnClassCondition)

   InfinispanCacheConfiguration:
      Did not match:
         - @ConditionalOnClass did not find required class 'org.infinispan.spring.embedded.provider.SpringEmbeddedCacheManager' (OnClassCondition)

   InfluxDbAutoConfiguration:
      Did not match:
         - @ConditionalOnClass did not find required class 'org.influxdb.InfluxDB' (OnClassCondition)

   IntegrationAutoConfiguration:
      Did not match:
         - @ConditionalOnClass did not find required class 'org.springframework.integration.config.EnableIntegration' (OnClassCondition)

   JCacheCacheConfiguration:
      Did not match:
         - @ConditionalOnClass did not find required class 'javax.cache.Caching' (OnClassCondition)

   JacksonHttpMessageConvertersConfiguration.MappingJackson2XmlHttpMessageConverterConfiguration:
      Did not match:
         - @ConditionalOnClass did not find required class 'com.fasterxml.jackson.dataformat.xml.XmlMapper' (OnClassCondition)

   JdbcRepositoriesAutoConfiguration:
      Did not match:
         - @ConditionalOnClass did not find required class 'org.springframework.data.jdbc.repository.config.AbstractJdbcConfiguration' (OnClassCondition)

   JerseyAutoConfiguration:
      Did not match:
         - @ConditionalOnClass did not find required class 'org.glassfish.jersey.server.spring.SpringComponentProvider' (OnClassCondition)

   JmsAutoConfiguration:
      Did not match:
         - @ConditionalOnClass did not find required class 'jakarta.jms.Message' (OnClassCondition)

   JmxAutoConfiguration:
      Did not match:
         - @ConditionalOnProperty (spring.jmx.enabled=true) did not find property 'enabled' (OnPropertyCondition)
      Matched:
         - @ConditionalOnClass found required class 'org.springframework.jmx.export.MBeanExporter' (OnClassCondition)

   JndiConnectionFactoryAutoConfiguration:
      Did not match:
         - @ConditionalOnClass did not find required class 'org.springframework.jms.core.JmsTemplate' (OnClassCondition)

   JndiDataSourceAutoConfiguration:
      Did not match:
         - @ConditionalOnProperty (spring.datasource.jndi-name) did not find property 'jndi-name' (OnPropertyCondition)
      Matched:
         - @ConditionalOnClass found required classes 'javax.sql.DataSource', 'org.springframework.jdbc.datasource.embedded.EmbeddedDatabaseType' (OnClassCondition)

   JndiJtaConfiguration:
      Did not match:
         - @ConditionalOnJndi JNDI environment is not available (OnJndiCondition)
      Matched:
         - @ConditionalOnClass found required class 'org.springframework.transaction.jta.JtaTransactionManager' (OnClassCondition)

   JooqAutoConfiguration:
      Did not match:
         - @ConditionalOnClass did not find required class 'org.jooq.DSLContext' (OnClassCondition)

   JpaRepositoriesAutoConfiguration#entityManagerFactoryBootstrapExecutorCustomizer:
      Did not match:
         - AnyNestedCondition 0 matched 2 did not; NestedCondition on JpaRepositoriesAutoConfiguration.BootstrapExecutorCondition.LazyBootstrapMode @ConditionalOnProperty (spring.data.jpa.repositories.bootstrap-mode=lazy) did not find property 'bootstrap-mode'; NestedCondition on JpaRepositoriesAutoConfiguration.BootstrapExecutorCondition.DeferredBootstrapMode @ConditionalOnProperty (spring.data.jpa.repositories.bootstrap-mode=deferred) did not find property 'bootstrap-mode' (JpaRepositoriesAutoConfiguration.BootstrapExecutorCondition)

   JsonbAutoConfiguration:
      Did not match:
         - @ConditionalOnClass did not find required class 'jakarta.json.bind.Jsonb' (OnClassCondition)

   JsonbHttpMessageConvertersConfiguration:
      Did not match:
         - @ConditionalOnClass did not find required class 'jakarta.json.bind.Jsonb' (OnClassCondition)

   KafkaAutoConfiguration:
      Did not match:
         - @ConditionalOnClass did not find required class 'org.springframework.kafka.core.KafkaTemplate' (OnClassCondition)

   LdapAutoConfiguration:
      Did not match:
         - @ConditionalOnClass did not find required class 'org.springframework.ldap.core.ContextSource' (OnClassCondition)

   LdapRepositoriesAutoConfiguration:
      Did not match:
         - @ConditionalOnClass did not find required class 'org.springframework.data.ldap.repository.LdapRepository' (OnClassCondition)

   LiquibaseAutoConfiguration:
      Did not match:
         - @ConditionalOnClass did not find required class 'liquibase.change.DatabaseChange' (OnClassCondition)

   MailSenderAutoConfiguration:
      Did not match:
         - @ConditionalOnClass did not find required class 'jakarta.mail.internet.MimeMessage' (OnClassCondition)

   MailSenderValidatorAutoConfiguration:
      Did not match:
         - @ConditionalOnSingleCandidate did not find required type 'org.springframework.mail.javamail.JavaMailSenderImpl' (OnBeanCondition)

   MessageSourceAutoConfiguration:
      Did not match:
         - ResourceBundle did not find bundle with basename messages (MessageSourceAutoConfiguration.ResourceBundleCondition)

   MongoAutoConfiguration:
      Did not match:
         - @ConditionalOnClass did not find required class 'com.mongodb.client.MongoClient' (OnClassCondition)

   MongoDataAutoConfiguration:
      Did not match:
         - @ConditionalOnClass did not find required class 'com.mongodb.client.MongoClient' (OnClassCondition)

   MongoReactiveAutoConfiguration:
      Did not match:
         - @ConditionalOnClass did not find required class 'com.mongodb.reactivestreams.client.MongoClient' (OnClassCondition)

   MongoReactiveDataAutoConfiguration:
      Did not match:
         - @ConditionalOnClass did not find required class 'com.mongodb.reactivestreams.client.MongoClient' (OnClassCondition)

   MongoReactiveRepositoriesAutoConfiguration:
      Did not match:
         - @ConditionalOnClass did not find required class 'com.mongodb.reactivestreams.client.MongoClient' (OnClassCondition)

   MongoRepositoriesAutoConfiguration:
      Did not match:
         - @ConditionalOnClass did not find required class 'com.mongodb.client.MongoClient' (OnClassCondition)

   MustacheAutoConfiguration:
      Did not match:
         - @ConditionalOnClass did not find required class 'com.samskivert.mustache.Mustache' (OnClassCondition)

   Neo4jAutoConfiguration:
      Did not match:
         - @ConditionalOnClass did not find required class 'org.neo4j.driver.Driver' (OnClassCondition)

   Neo4jDataAutoConfiguration:
      Did not match:
         - @ConditionalOnClass did not find required class 'org.neo4j.driver.Driver' (OnClassCondition)

   Neo4jReactiveDataAutoConfiguration:
      Did not match:
         - @ConditionalOnClass did not find required class 'org.neo4j.driver.Driver' (OnClassCondition)

   Neo4jReactiveRepositoriesAutoConfiguration:
      Did not match:
         - @ConditionalOnClass did not find required class 'org.neo4j.driver.Driver' (OnClassCondition)

   Neo4jRepositoriesAutoConfiguration:
      Did not match:
         - @ConditionalOnClass did not find required class 'org.neo4j.driver.Driver' (OnClassCondition)

   NettyAutoConfiguration:
      Did not match:
         - @ConditionalOnClass did not find required class 'io.netty.util.NettyRuntime' (OnClassCondition)

   OAuth2AuthorizationServerAutoConfiguration:
      Did not match:
         - @ConditionalOnClass did not find required class 'org.springframework.security.oauth2.server.authorization.OAuth2Authorization' (OnClassCondition)

   OAuth2AuthorizationServerJwtAutoConfiguration:
      Did not match:
         - @ConditionalOnClass did not find required class 'org.springframework.security.oauth2.server.authorization.OAuth2Authorization' (OnClassCondition)

   OAuth2ClientAutoConfiguration:
      Did not match:
         - @ConditionalOnClass did not find required class 'org.springframework.security.oauth2.client.registration.ClientRegistration' (OnClassCondition)

   OAuth2ResourceServerAutoConfiguration:
      Did not match:
         - @ConditionalOnClass did not find required class 'org.springframework.security.oauth2.server.resource.authentication.BearerTokenAuthenticationToken' (OnClassCondition)

   ProjectInfoAutoConfiguration#buildProperties:
      Did not match:
         - @ConditionalOnResource did not find resource '${spring.info.build.location:classpath:META-INF/build-info.properties}' (OnResourceCondition)

   ProjectInfoAutoConfiguration#gitProperties:
      Did not match:
         - GitResource did not find git info at classpath:git.properties (ProjectInfoAutoConfiguration.GitResourceAvailableCondition)

   PulsarAutoConfiguration:
      Did not match:
         - @ConditionalOnClass did not find required class 'org.apache.pulsar.client.api.PulsarClient' (OnClassCondition)

   PulsarReactiveAutoConfiguration:
      Did not match:
         - @ConditionalOnClass did not find required class 'org.apache.pulsar.client.api.PulsarClient' (OnClassCondition)

   QuartzAutoConfiguration:
      Did not match:
         - @ConditionalOnClass did not find required class 'org.quartz.Scheduler' (OnClassCondition)

   R2dbcAutoConfiguration:
      Did not match:
         - @ConditionalOnClass did not find required class 'io.r2dbc.spi.ConnectionFactory' (OnClassCondition)

   R2dbcDataAutoConfiguration:
      Did not match:
         - @ConditionalOnClass did not find required class 'org.springframework.data.r2dbc.core.R2dbcEntityTemplate' (OnClassCondition)

   R2dbcInitializationConfiguration:
      Did not match:
         - @ConditionalOnClass did not find required classes 'io.r2dbc.spi.ConnectionFactory', 'org.springframework.r2dbc.connection.init.DatabasePopulator' (OnClassCondition)

   R2dbcRepositoriesAutoConfiguration:
      Did not match:
         - @ConditionalOnClass did not find required class 'io.r2dbc.spi.ConnectionFactory' (OnClassCondition)

   R2dbcTransactionManagerAutoConfiguration:
      Did not match:
         - @ConditionalOnClass did not find required class 'org.springframework.r2dbc.connection.R2dbcTransactionManager' (OnClassCondition)

   RSocketGraphQlClientAutoConfiguration:
      Did not match:
         - @ConditionalOnClass did not find required class 'graphql.GraphQL' (OnClassCondition)

   RSocketMessagingAutoConfiguration:
      Did not match:
         - @ConditionalOnClass did not find required class 'io.rsocket.RSocket' (OnClassCondition)

   RSocketRequesterAutoConfiguration:
      Did not match:
         - @ConditionalOnClass did not find required class 'io.rsocket.RSocket' (OnClassCondition)

   RSocketSecurityAutoConfiguration:
      Did not match:
         - @ConditionalOnClass did not find required class 'org.springframework.security.rsocket.core.SecuritySocketAcceptorInterceptor' (OnClassCondition)

   RSocketServerAutoConfiguration:
      Did not match:
         - @ConditionalOnClass did not find required class 'io.rsocket.core.RSocketServer' (OnClassCondition)

   RSocketStrategiesAutoConfiguration:
      Did not match:
         - @ConditionalOnClass did not find required class 'io.netty.buffer.PooledByteBufAllocator' (OnClassCondition)

   RabbitAutoConfiguration:
      Did not match:
         - @ConditionalOnClass did not find required class 'com.rabbitmq.client.Channel' (OnClassCondition)

   ReactiveElasticsearchClientAutoConfiguration:
      Did not match:
         - @ConditionalOnClass did not find required class 'co.elastic.clients.transport.ElasticsearchTransport' (OnClassCondition)

   ReactiveElasticsearchRepositoriesAutoConfiguration:
      Did not match:
         - @ConditionalOnClass did not find required class 'org.springframework.data.elasticsearch.client.elc.ReactiveElasticsearchClient' (OnClassCondition)

   ReactiveMultipartAutoConfiguration:
      Did not match:
         - @ConditionalOnClass did not find required class 'org.springframework.web.reactive.config.WebFluxConfigurer' (OnClassCondition)

   ReactiveOAuth2ClientAutoConfiguration:
      Did not match:
         - @ConditionalOnClass did not find required class 'reactor.core.publisher.Flux' (OnClassCondition)

   ReactiveOAuth2ResourceServerAutoConfiguration:
      Did not match:
         - @ConditionalOnWebApplication did not find reactive web application classes (OnWebApplicationCondition)

   ReactiveSecurityAutoConfiguration:
      Did not match:
         - @ConditionalOnClass did not find required class 'reactor.core.publisher.Flux' (OnClassCondition)

   ReactiveUserDetailsServiceAutoConfiguration:
      Did not match:
         - AnyNestedCondition 0 matched 2 did not; NestedCondition on ReactiveUserDetailsServiceAutoConfiguration.RSocketEnabledOrReactiveWebApplication.ReactiveWebApplicationCondition did not find reactive web application classes; NestedCondition on ReactiveUserDetailsServiceAutoConfiguration.RSocketEnabledOrReactiveWebApplication.RSocketSecurityEnabledCondition @ConditionalOnBean (types: org.springframework.messaging.rsocket.annotation.support.RSocketMessageHandler; SearchStrategy: all) did not find any beans of type org.springframework.messaging.rsocket.annotation.support.RSocketMessageHandler (ReactiveUserDetailsServiceAutoConfiguration.RSocketEnabledOrReactiveWebApplication)
      Matched:
         - @ConditionalOnClass found required class 'org.springframework.security.authentication.ReactiveAuthenticationManager' (OnClassCondition)
         - AnyNestedCondition 1 matched 2 did not; NestedCondition on ReactiveUserDetailsServiceAutoConfiguration.MissingAlternativeOrUserPropertiesConfigured.PasswordConfigured @ConditionalOnProperty (spring.security.user.password) did not find property 'password'; NestedCondition on ReactiveUserDetailsServiceAutoConfiguration.MissingAlternativeOrUserPropertiesConfigured.NameConfigured @ConditionalOnProperty (spring.security.user.name) did not find property 'name'; NestedCondition on ReactiveUserDetailsServiceAutoConfiguration.MissingAlternativeOrUserPropertiesConfigured.MissingAlternative @ConditionalOnMissingClass did not find unwanted classes 'org.springframework.security.oauth2.client.registration.ClientRegistrationRepository', 'org.springframework.security.oauth2.server.resource.introspection.ReactiveOpaqueTokenIntrospector' (ReactiveUserDetailsServiceAutoConfiguration.MissingAlternativeOrUserPropertiesConfigured)

   ReactiveWebServerFactoryAutoConfiguration:
      Did not match:
         - @ConditionalOnWebApplication did not find reactive web application classes (OnWebApplicationCondition)

   ReactorAutoConfiguration:
      Did not match:
         - @ConditionalOnClass did not find required class 'reactor.core.publisher.Hooks' (OnClassCondition)

   RedisAutoConfiguration:
      Did not match:
         - @ConditionalOnClass did not find required class 'org.springframework.data.redis.core.RedisOperations' (OnClassCondition)

   RedisCacheConfiguration:
      Did not match:
         - @ConditionalOnClass did not find required class 'org.springframework.data.redis.connection.RedisConnectionFactory' (OnClassCondition)

   RedisReactiveAutoConfiguration:
      Did not match:
         - @ConditionalOnClass did not find required class 'reactor.core.publisher.Flux' (OnClassCondition)

   RedisRepositoriesAutoConfiguration:
      Did not match:
         - @ConditionalOnClass did not find required class 'org.springframework.data.redis.repository.configuration.EnableRedisRepositories' (OnClassCondition)

   RepositoryRestMvcAutoConfiguration:
      Did not match:
         - @ConditionalOnClass did not find required class 'org.springframework.data.rest.webmvc.config.RepositoryRestMvcConfiguration' (OnClassCondition)

   Saml2RelyingPartyAutoConfiguration:
      Did not match:
         - @ConditionalOnClass did not find required class 'org.springframework.security.saml2.provider.service.registration.RelyingPartyRegistrationRepository' (OnClassCondition)

   SecurityDataConfiguration:
      Did not match:
         - @ConditionalOnClass did not find required class 'org.springframework.security.data.repository.query.SecurityEvaluationContextExtension' (OnClassCondition)

   SendGridAutoConfiguration:
      Did not match:
         - @ConditionalOnClass did not find required class 'com.sendgrid.SendGrid' (OnClassCondition)

   ServletWebServerFactoryAutoConfiguration.ForwardedHeaderFilterConfiguration:
      Did not match:
         - @ConditionalOnProperty (server.forward-headers-strategy=framework) did not find property 'server.forward-headers-strategy' (OnPropertyCondition)

   ServletWebServerFactoryConfiguration.EmbeddedJetty:
      Did not match:
         - @ConditionalOnClass did not find required classes 'org.eclipse.jetty.server.Server', 'org.eclipse.jetty.util.Loader', 'org.eclipse.jetty.ee10.webapp.WebAppContext' (OnClassCondition)

   ServletWebServerFactoryConfiguration.EmbeddedUndertow:
      Did not match:
         - @ConditionalOnClass did not find required classes 'io.undertow.Undertow', 'org.xnio.SslClientAuthMode' (OnClassCondition)

   SessionAutoConfiguration:
      Did not match:
         - @ConditionalOnClass did not find required class 'org.springframework.session.Session' (OnClassCondition)

   SpringApplicationAdminJmxAutoConfiguration:
      Did not match:
         - @ConditionalOnProperty (spring.application.admin.enabled=true) did not find property 'enabled' (OnPropertyCondition)

   SpringBootWebSecurityConfiguration.SecurityFilterChainConfiguration:
      Did not match:
         - AllNestedConditions 1 matched 1 did not; NestedCondition on DefaultWebSecurityCondition.Beans @ConditionalOnMissingBean (types: org.springframework.security.web.SecurityFilterChain; SearchStrategy: all) found beans of type 'org.springframework.security.web.SecurityFilterChain' filterChain; NestedCondition on DefaultWebSecurityCondition.Classes @ConditionalOnClass found required classes 'org.springframework.security.web.SecurityFilterChain', 'org.springframework.security.config.annotation.web.builders.HttpSecurity' (DefaultWebSecurityCondition)

   SpringBootWebSecurityConfiguration.WebSecurityEnablerConfiguration:
      Did not match:
         - @ConditionalOnMissingBean (names: springSecurityFilterChain; SearchStrategy: all) found beans named springSecurityFilterChain (OnBeanCondition)
      Matched:
         - @ConditionalOnClass found required class 'org.springframework.security.config.annotation.web.configuration.EnableWebSecurity' (OnClassCondition)

   TaskExecutorConfigurations.SimpleAsyncTaskExecutorBuilderConfiguration#simpleAsyncTaskExecutorBuilderVirtualThreads:
      Did not match:
         - @ConditionalOnMissingBean (types: org.springframework.boot.task.SimpleAsyncTaskExecutorBuilder; SearchStrategy: all) found beans of type 'org.springframework.boot.task.SimpleAsyncTaskExecutorBuilder' simpleAsyncTaskExecutorBuilder (OnBeanCondition)

   TaskExecutorConfigurations.TaskExecutorConfiguration#applicationTaskExecutorVirtualThreads:
      Did not match:
         - @ConditionalOnThreading did not find VIRTUAL (OnThreadingCondition)

   TaskSchedulingAutoConfiguration#scheduledBeanLazyInitializationExcludeFilter:
      Did not match:
         - @ConditionalOnBean (names: org.springframework.context.annotation.internalScheduledAnnotationProcessor; SearchStrategy: all) did not find any beans named org.springframework.context.annotation.internalScheduledAnnotationProcessor (OnBeanCondition)

   TaskSchedulingConfigurations.SimpleAsyncTaskSchedulerBuilderConfiguration#simpleAsyncTaskSchedulerBuilderVirtualThreads:
      Did not match:
         - @ConditionalOnMissingBean (types: org.springframework.boot.task.SimpleAsyncTaskSchedulerBuilder; SearchStrategy: all) found beans of type 'org.springframework.boot.task.SimpleAsyncTaskSchedulerBuilder' simpleAsyncTaskSchedulerBuilder (OnBeanCondition)

   TaskSchedulingConfigurations.TaskSchedulerConfiguration:
      Did not match:
         - @ConditionalOnBean (names: org.springframework.context.annotation.internalScheduledAnnotationProcessor; SearchStrategy: all) did not find any beans named org.springframework.context.annotation.internalScheduledAnnotationProcessor (OnBeanCondition)

   ThymeleafAutoConfiguration:
      Did not match:
         - @ConditionalOnClass did not find required class 'org.thymeleaf.spring6.SpringTemplateEngine' (OnClassCondition)

   TransactionAutoConfiguration#transactionalOperator:
      Did not match:
         - @ConditionalOnSingleCandidate (types: org.springframework.transaction.ReactiveTransactionManager; SearchStrategy: all) did not find any beans (OnBeanCondition)

   TransactionAutoConfiguration.AspectJTransactionManagementConfiguration:
      Did not match:
         - @ConditionalOnBean (types: org.springframework.transaction.aspectj.AbstractTransactionAspect; SearchStrategy: all) did not find any beans of type org.springframework.transaction.aspectj.AbstractTransactionAspect (OnBeanCondition)

   TransactionAutoConfiguration.EnableTransactionManagementConfiguration.JdkDynamicAutoProxyConfiguration:
      Did not match:
         - @ConditionalOnProperty (spring.aop.proxy-target-class=false) did not find property 'proxy-target-class' (OnPropertyCondition)

   UserDetailsServiceAutoConfiguration:
      Did not match:
         - @ConditionalOnMissingBean (types: org.springframework.security.authentication.AuthenticationManager,org.springframework.security.authentication.AuthenticationProvider,org.springframework.security.core.userdetails.UserDetailsService,org.springframework.security.authentication.AuthenticationManagerResolver,org.springframework.security.oauth2.jwt.JwtDecoder; SearchStrategy: all) found beans of type 'org.springframework.security.authentication.AuthenticationManager' authenticationManager and found beans of type 'org.springframework.security.core.userdetails.UserDetailsService' customUserDetailsService and found beans of type 'org.springframework.security.authentication.AuthenticationProvider' authenticationProvider (OnBeanCondition)
      Matched:
         - @ConditionalOnClass found required class 'org.springframework.security.authentication.AuthenticationManager' (OnClassCondition)
         - AnyNestedCondition 1 matched 2 did not; NestedCondition on UserDetailsServiceAutoConfiguration.MissingAlternativeOrUserPropertiesConfigured.PasswordConfigured @ConditionalOnProperty (spring.security.user.password) did not find property 'password'; NestedCondition on UserDetailsServiceAutoConfiguration.MissingAlternativeOrUserPropertiesConfigured.NameConfigured @ConditionalOnProperty (spring.security.user.name) did not find property 'name'; NestedCondition on UserDetailsServiceAutoConfiguration.MissingAlternativeOrUserPropertiesConfigured.MissingAlternative @ConditionalOnMissingClass did not find unwanted classes 'org.springframework.security.oauth2.client.registration.ClientRegistrationRepository', 'org.springframework.security.oauth2.server.resource.introspection.OpaqueTokenIntrospector', 'org.springframework.security.saml2.provider.service.registration.RelyingPartyRegistrationRepository' (UserDetailsServiceAutoConfiguration.MissingAlternativeOrUserPropertiesConfigured)

   WebClientAutoConfiguration:
      Did not match:
         - @ConditionalOnClass did not find required class 'org.springframework.web.reactive.function.client.WebClient' (OnClassCondition)

   WebFluxAutoConfiguration:
      Did not match:
         - @ConditionalOnClass did not find required class 'org.springframework.web.reactive.config.WebFluxConfigurer' (OnClassCondition)

   WebMvcAutoConfiguration#hiddenHttpMethodFilter:
      Did not match:
         - @ConditionalOnProperty (spring.mvc.hiddenmethod.filter.enabled) did not find property 'enabled' (OnPropertyCondition)

   WebMvcAutoConfiguration.ProblemDetailsErrorHandlingConfiguration:
      Did not match:
         - @ConditionalOnProperty (spring.mvc.problemdetails.enabled=true) did not find property 'enabled' (OnPropertyCondition)

   WebMvcAutoConfiguration.ResourceChainCustomizerConfiguration:
      Did not match:
         - @ConditionalOnEnabledResourceChain did not find class org.webjars.WebJarAssetLocator (OnEnabledResourceChainCondition)

   WebMvcAutoConfiguration.WebMvcAutoConfigurationAdapter#beanNameViewResolver:
      Did not match:
         - @ConditionalOnMissingBean (types: org.springframework.web.servlet.view.BeanNameViewResolver; SearchStrategy: all) found beans of type 'org.springframework.web.servlet.view.BeanNameViewResolver' beanNameViewResolver (OnBeanCondition)

   WebServiceTemplateAutoConfiguration:
      Did not match:
         - @ConditionalOnClass did not find required class 'org.springframework.oxm.Marshaller' (OnClassCondition)

   WebServicesAutoConfiguration:
      Did not match:
         - @ConditionalOnClass did not find required class 'org.springframework.ws.transport.http.MessageDispatcherServlet' (OnClassCondition)

   WebSessionIdResolverAutoConfiguration:
      Did not match:
         - @ConditionalOnClass did not find required class 'reactor.core.publisher.Mono' (OnClassCondition)

   WebSocketMessagingAutoConfiguration:
      Did not match:
         - @ConditionalOnClass did not find required class 'org.springframework.web.socket.config.annotation.WebSocketMessageBrokerConfigurer' (OnClassCondition)

   WebSocketReactiveAutoConfiguration:
      Did not match:
         - @ConditionalOnWebApplication did not find reactive web application classes (OnWebApplicationCondition)

   WebSocketServletAutoConfiguration.JettyWebSocketConfiguration:
      Did not match:
         - @ConditionalOnClass did not find required class 'org.eclipse.jetty.ee10.websocket.jakarta.server.config.JakartaWebSocketServletContainerInitializer' (OnClassCondition)

   WebSocketServletAutoConfiguration.UndertowWebSocketConfiguration:
      Did not match:
         - @ConditionalOnClass did not find required class 'io.undertow.websockets.jsr.Bootstrap' (OnClassCondition)

   XADataSourceAutoConfiguration:
      Did not match:
         - @ConditionalOnBean (types: org.springframework.boot.jdbc.XADataSourceWrapper; SearchStrategy: all) did not find any beans of type org.springframework.boot.jdbc.XADataSourceWrapper (OnBeanCondition)
      Matched:
         - @ConditionalOnClass found required classes 'javax.sql.DataSource', 'jakarta.transaction.TransactionManager', 'org.springframework.jdbc.datasource.embedded.EmbeddedDatabaseType' (OnClassCondition)


Exclusions:
-----------

    None


Unconditional classes:
----------------------

    org.springframework.boot.autoconfigure.context.ConfigurationPropertiesAutoConfiguration

    org.springframework.boot.autoconfigure.ssl.SslAutoConfiguration

    org.springframework.boot.autoconfigure.context.LifecycleAutoConfiguration

    org.springframework.boot.autoconfigure.context.PropertyPlaceholderAutoConfiguration

    org.springframework.boot.autoconfigure.availability.ApplicationAvailabilityAutoConfiguration

    org.springframework.boot.autoconfigure.info.ProjectInfoAutoConfiguration



2026-07-28T17:09:21.114+05:30  INFO 2520 --- [lost-found-platform] [           main] c.u.lostfound.LostFoundApplication       : Started LostFoundApplication in 18.535 seconds (process running for 19.904)
2026-07-28T17:09:21.116+05:30 DEBUG 2520 --- [lost-found-platform] [           main] o.s.b.a.ApplicationAvailabilityBean      : Application availability state LivenessState changed to CORRECT
2026-07-28T17:09:21.334+05:30 DEBUG 2520 --- [lost-found-platform] [           main] org.hibernate.SQL                        : 
    select
        d1_0.department_id,
        d1_0.created_at,
        d1_0.department_name,
        d1_0.description 
    from
        departments d1_0 
    where
        d1_0.department_name=?
Hibernate: 
    select
        d1_0.department_id,
        d1_0.created_at,
        d1_0.department_name,
        d1_0.description 
    from
        departments d1_0 
    where
        d1_0.department_name=?
2026-07-28T17:09:21.534+05:30 DEBUG 2520 --- [lost-found-platform] [           main] org.hibernate.SQL                        : 
    insert 
    into
        departments
        (created_at, department_name, description) 
    values
        (?, ?, ?)
Hibernate: 
    insert 
    into
        departments
        (created_at, department_name, description) 
    values
        (?, ?, ?)
2026-07-28T17:09:21.601+05:30 DEBUG 2520 --- [lost-found-platform] [           main] org.hibernate.SQL                        : 
    select
        r1_0.role_id,
        r1_0.created_at,
        r1_0.description,
        r1_0.role_name 
    from
        roles r1_0 
    where
        r1_0.role_name=?
Hibernate: 
    select
        r1_0.role_id,
        r1_0.created_at,
        r1_0.description,
        r1_0.role_name 
    from
        roles r1_0 
    where
        r1_0.role_name=?
2026-07-28T17:09:21.613+05:30 DEBUG 2520 --- [lost-found-platform] [           main] org.hibernate.SQL                        : 
    insert 
    into
        roles
        (created_at, description, role_name) 
    values
        (?, ?, ?)
Hibernate: 
    insert 
    into
        roles
        (created_at, description, role_name) 
    values
        (?, ?, ?)
2026-07-28T17:09:21.624+05:30 DEBUG 2520 --- [lost-found-platform] [           main] org.hibernate.SQL                        : 
    select
        u1_0.user_id,
        u1_0.created_at,
        u1_0.department_id,
        u1_0.email,
        u1_0.first_name,
        u1_0.is_active,
        u1_0.last_name,
        u1_0.password,
        u1_0.phone,
        u1_0.profile_image,
        u1_0.role_id,
        u1_0.university_id,
        u1_0.updated_at 
    from
        users u1_0 
    where
        u1_0.email=?
Hibernate: 
    select
        u1_0.user_id,
        u1_0.created_at,
        u1_0.department_id,
        u1_0.email,
        u1_0.first_name,
        u1_0.is_active,
        u1_0.last_name,
        u1_0.password,
        u1_0.phone,
        u1_0.profile_image,
        u1_0.role_id,
        u1_0.university_id,
        u1_0.updated_at 
    from
        users u1_0 
    where
        u1_0.email=?
2026-07-28T17:09:21.757+05:30 DEBUG 2520 --- [lost-found-platform] [           main] org.hibernate.SQL                        : 
    insert 
    into
        users
        (created_at, department_id, email, first_name, is_active, last_name, password, phone, profile_image, role_id, university_id, updated_at) 
    values
        (?, ?, ?, ?, ?, ?, ?, ?, ?, ?, ?, ?)
Hibernate: 
    insert 
    into
        users
        (created_at, department_id, email, first_name, is_active, last_name, password, phone, profile_image, role_id, university_id, updated_at) 
    values
        (?, ?, ?, ?, ?, ?, ?, ?, ?, ?, ?, ?)
2026-07-28T17:09:21.772+05:30 DEBUG 2520 --- [lost-found-platform] [           main] org.hibernate.SQL                        : 
    select
        r1_0.role_id,
        r1_0.created_at,
        r1_0.description,
        r1_0.role_name 
    from
        roles r1_0 
    where
        r1_0.role_name=?
Hibernate: 
    select
        r1_0.role_id,
        r1_0.created_at,
        r1_0.description,
        r1_0.role_name 
    from
        roles r1_0 
    where
        r1_0.role_name=?
2026-07-28T17:09:21.776+05:30 DEBUG 2520 --- [lost-found-platform] [           main] org.hibernate.SQL                        : 
    insert 
    into
        roles
        (created_at, description, role_name) 
    values
        (?, ?, ?)
Hibernate: 
    insert 
    into
        roles
        (created_at, description, role_name) 
    values
        (?, ?, ?)
2026-07-28T17:09:21.778+05:30 DEBUG 2520 --- [lost-found-platform] [           main] org.hibernate.SQL                        : 
    select
        u1_0.user_id,
        u1_0.created_at,
        u1_0.department_id,
        u1_0.email,
        u1_0.first_name,
        u1_0.is_active,
        u1_0.last_name,
        u1_0.password,
        u1_0.phone,
        u1_0.profile_image,
        u1_0.role_id,
        u1_0.university_id,
        u1_0.updated_at 
    from
        users u1_0 
    where
        u1_0.email=?
Hibernate: 
    select
        u1_0.user_id,
        u1_0.created_at,
        u1_0.department_id,
        u1_0.email,
        u1_0.first_name,
        u1_0.is_active,
        u1_0.last_name,
        u1_0.password,
        u1_0.phone,
        u1_0.profile_image,
        u1_0.role_id,
        u1_0.university_id,
        u1_0.updated_at 
    from
        users u1_0 
    where
        u1_0.email=?
2026-07-28T17:09:21.872+05:30 DEBUG 2520 --- [lost-found-platform] [           main] org.hibernate.SQL                        : 
    insert 
    into
        users
        (created_at, department_id, email, first_name, is_active, last_name, password, phone, profile_image, role_id, university_id, updated_at) 
    values
        (?, ?, ?, ?, ?, ?, ?, ?, ?, ?, ?, ?)
Hibernate: 
    insert 
    into
        users
        (created_at, department_id, email, first_name, is_active, last_name, password, phone, profile_image, role_id, university_id, updated_at) 
    values
        (?, ?, ?, ?, ?, ?, ?, ?, ?, ?, ?, ?)
2026-07-28T17:09:21.885+05:30 DEBUG 2520 --- [lost-found-platform] [           main] org.hibernate.SQL                        : 
    select
        r1_0.role_id,
        r1_0.created_at,
        r1_0.description,
        r1_0.role_name 
    from
        roles r1_0 
    where
        r1_0.role_name=?
Hibernate: 
    select
        r1_0.role_id,
        r1_0.created_at,
        r1_0.description,
        r1_0.role_name 
    from
        roles r1_0 
    where
        r1_0.role_name=?
2026-07-28T17:09:21.890+05:30 DEBUG 2520 --- [lost-found-platform] [           main] org.hibernate.SQL                        : 
    insert 
    into
        roles
        (created_at, description, role_name) 
    values
        (?, ?, ?)
Hibernate: 
    insert 
    into
        roles
        (created_at, description, role_name) 
    values
        (?, ?, ?)
2026-07-28T17:09:21.896+05:30 DEBUG 2520 --- [lost-found-platform] [           main] org.hibernate.SQL                        : 
    select
        u1_0.user_id,
        u1_0.created_at,
        u1_0.department_id,
        u1_0.email,
        u1_0.first_name,
        u1_0.is_active,
        u1_0.last_name,
        u1_0.password,
        u1_0.phone,
        u1_0.profile_image,
        u1_0.role_id,
        u1_0.university_id,
        u1_0.updated_at 
    from
        users u1_0 
    where
        u1_0.email=?
Hibernate: 
    select
        u1_0.user_id,
        u1_0.created_at,
        u1_0.department_id,
        u1_0.email,
        u1_0.first_name,
        u1_0.is_active,
        u1_0.last_name,
        u1_0.password,
        u1_0.phone,
        u1_0.profile_image,
        u1_0.role_id,
        u1_0.university_id,
        u1_0.updated_at 
    from
        users u1_0 
    where
        u1_0.email=?
2026-07-28T17:09:21.990+05:30 DEBUG 2520 --- [lost-found-platform] [           main] org.hibernate.SQL                        : 
    insert 
    into
        users
        (created_at, department_id, email, first_name, is_active, last_name, password, phone, profile_image, role_id, university_id, updated_at) 
    values
        (?, ?, ?, ?, ?, ?, ?, ?, ?, ?, ?, ?)
Hibernate: 
    insert 
    into
        users
        (created_at, department_id, email, first_name, is_active, last_name, password, phone, profile_image, role_id, university_id, updated_at) 
    values
        (?, ?, ?, ?, ?, ?, ?, ?, ?, ?, ?, ?)
2026-07-28T17:09:22.000+05:30 DEBUG 2520 --- [lost-found-platform] [           main] org.hibernate.SQL                        : 
    select
        r1_0.role_id,
        r1_0.created_at,
        r1_0.description,
        r1_0.role_name 
    from
        roles r1_0 
    where
        r1_0.role_name=?
Hibernate: 
    select
        r1_0.role_id,
        r1_0.created_at,
        r1_0.description,
        r1_0.role_name 
    from
        roles r1_0 
    where
        r1_0.role_name=?
2026-07-28T17:09:22.001+05:30 DEBUG 2520 --- [lost-found-platform] [           main] org.hibernate.SQL                        : 
    insert 
    into
        roles
        (created_at, description, role_name) 
    values
        (?, ?, ?)
Hibernate: 
    insert 
    into
        roles
        (created_at, description, role_name) 
    values
        (?, ?, ?)
2026-07-28T17:09:22.009+05:30 DEBUG 2520 --- [lost-found-platform] [           main] org.hibernate.SQL                        : 
    select
        u1_0.user_id,
        u1_0.created_at,
        u1_0.department_id,
        u1_0.email,
        u1_0.first_name,
        u1_0.is_active,
        u1_0.last_name,
        u1_0.password,
        u1_0.phone,
        u1_0.profile_image,
        u1_0.role_id,
        u1_0.university_id,
        u1_0.updated_at 
    from
        users u1_0 
    where
        u1_0.email=?
Hibernate: 
    select
        u1_0.user_id,
        u1_0.created_at,
        u1_0.department_id,
        u1_0.email,
        u1_0.first_name,
        u1_0.is_active,
        u1_0.last_name,
        u1_0.password,
        u1_0.phone,
        u1_0.profile_image,
        u1_0.role_id,
        u1_0.university_id,
        u1_0.updated_at 
    from
        users u1_0 
    where
        u1_0.email=?
2026-07-28T17:09:22.101+05:30 DEBUG 2520 --- [lost-found-platform] [           main] org.hibernate.SQL                        : 
    insert 
    into
        users
        (created_at, department_id, email, first_name, is_active, last_name, password, phone, profile_image, role_id, university_id, updated_at) 
    values
        (?, ?, ?, ?, ?, ?, ?, ?, ?, ?, ?, ?)
Hibernate: 
    insert 
    into
        users
        (created_at, department_id, email, first_name, is_active, last_name, password, phone, profile_image, role_id, university_id, updated_at) 
    values
        (?, ?, ?, ?, ?, ?, ?, ?, ?, ?, ?, ?)
2026-07-28T17:09:22.125+05:30 DEBUG 2520 --- [lost-found-platform] [           main] org.hibernate.SQL                        : 
    select
        u1_0.user_id,
        u1_0.created_at,
        u1_0.department_id,
        u1_0.email,
        u1_0.first_name,
        u1_0.is_active,
        u1_0.last_name,
        u1_0.password,
        u1_0.phone,
        u1_0.profile_image,
        u1_0.role_id,
        u1_0.university_id,
        u1_0.updated_at 
    from
        users u1_0
Hibernate: 
    select
        u1_0.user_id,
        u1_0.created_at,
        u1_0.department_id,
        u1_0.email,
        u1_0.first_name,
        u1_0.is_active,
        u1_0.last_name,
        u1_0.password,
        u1_0.phone,
        u1_0.profile_image,
        u1_0.role_id,
        u1_0.university_id,
        u1_0.updated_at 
    from
        users u1_0
2026-07-28T17:09:22.144+05:30 DEBUG 2520 --- [lost-found-platform] [           main] org.hibernate.SQL                        : 
    select
        d1_0.department_id,
        d1_0.created_at,
        d1_0.department_name,
        d1_0.description 
    from
        departments d1_0 
    where
        d1_0.department_id=?
Hibernate: 
    select
        d1_0.department_id,
        d1_0.created_at,
        d1_0.department_name,
        d1_0.description 
    from
        departments d1_0 
    where
        d1_0.department_id=?
2026-07-28T17:09:22.150+05:30 DEBUG 2520 --- [lost-found-platform] [           main] org.hibernate.SQL                        : 
    select
        r1_0.role_id,
        r1_0.created_at,
        r1_0.description,
        r1_0.role_name 
    from
        roles r1_0 
    where
        r1_0.role_id=?
Hibernate: 
    select
        r1_0.role_id,
        r1_0.created_at,
        r1_0.description,
        r1_0.role_name 
    from
        roles r1_0 
    where
        r1_0.role_id=?
2026-07-28T17:09:22.157+05:30 DEBUG 2520 --- [lost-found-platform] [           main] org.hibernate.SQL                        : 
    select
        r1_0.role_id,
        r1_0.created_at,
        r1_0.description,
        r1_0.role_name 
    from
        roles r1_0 
    where
        r1_0.role_id=?
Hibernate: 
    select
        r1_0.role_id,
        r1_0.created_at,
        r1_0.description,
        r1_0.role_name 
    from
        roles r1_0 
    where
        r1_0.role_id=?
2026-07-28T17:09:22.157+05:30 DEBUG 2520 --- [lost-found-platform] [           main] org.hibernate.SQL                        : 
    select
        r1_0.role_id,
        r1_0.created_at,
        r1_0.description,
        r1_0.role_name 
    from
        roles r1_0 
    where
        r1_0.role_id=?
Hibernate: 
    select
        r1_0.role_id,
        r1_0.created_at,
        r1_0.description,
        r1_0.role_name 
    from
        roles r1_0 
    where
        r1_0.role_id=?
2026-07-28T17:09:22.166+05:30 DEBUG 2520 --- [lost-found-platform] [           main] org.hibernate.SQL                        : 
    select
        r1_0.role_id,
        r1_0.created_at,
        r1_0.description,
        r1_0.role_name 
    from
        roles r1_0 
    where
        r1_0.role_id=?
Hibernate: 
    select
        r1_0.role_id,
        r1_0.created_at,
        r1_0.description,
        r1_0.role_name 
    from
        roles r1_0 
    where
        r1_0.role_id=?
2026-07-28T17:09:22.542+05:30 DEBUG 2520 --- [lost-found-platform] [           main] o.s.b.a.ApplicationAvailabilityBean      : Application availability state ReadinessState changed to ACCEPTING_TRAFFIC
2026-07-28T17:09:47.633+05:30  INFO 2520 --- [lost-found-platform] [nio-8080-exec-1] o.a.c.c.C.[Tomcat].[localhost].[/]       : Initializing Spring DispatcherServlet 'dispatcherServlet'
2026-07-28T17:09:47.633+05:30  INFO 2520 --- [lost-found-platform] [nio-8080-exec-1] o.s.web.servlet.DispatcherServlet        : Initializing Servlet 'dispatcherServlet'
2026-07-28T17:09:47.633+05:30 DEBUG 2520 --- [lost-found-platform] [nio-8080-exec-1] o.s.web.servlet.DispatcherServlet        : Detected StandardServletMultipartResolver
2026-07-28T17:09:47.633+05:30 DEBUG 2520 --- [lost-found-platform] [nio-8080-exec-1] o.s.web.servlet.DispatcherServlet        : Detected AcceptHeaderLocaleResolver
2026-07-28T17:09:47.633+05:30 DEBUG 2520 --- [lost-found-platform] [nio-8080-exec-1] o.s.web.servlet.DispatcherServlet        : Detected FixedThemeResolver
2026-07-28T17:09:47.633+05:30 DEBUG 2520 --- [lost-found-platform] [nio-8080-exec-1] o.s.web.servlet.DispatcherServlet        : Detected org.springframework.web.servlet.view.DefaultRequestToViewNameTranslator@4872d04d
2026-07-28T17:09:47.633+05:30 DEBUG 2520 --- [lost-found-platform] [nio-8080-exec-1] o.s.web.servlet.DispatcherServlet        : Detected org.springframework.web.servlet.support.SessionFlashMapManager@54980154
2026-07-28T17:09:47.633+05:30 DEBUG 2520 --- [lost-found-platform] [nio-8080-exec-1] o.s.web.servlet.DispatcherServlet        : enableLoggingRequestDetails='false': request parameters and headers will be masked to prevent unsafe logging of potentially sensitive data
2026-07-28T17:09:47.633+05:30  INFO 2520 --- [lost-found-platform] [nio-8080-exec-1] o.s.web.servlet.DispatcherServlet        : Completed initialization in 0 ms
2026-07-28T17:09:47.731+05:30 DEBUG 2520 --- [lost-found-platform] [nio-8080-exec-1] o.s.web.servlet.DispatcherServlet        : POST "/api/auth/login", parameters={}
2026-07-28T17:09:47.735+05:30 DEBUG 2520 --- [lost-found-platform] [nio-8080-exec-1] s.w.s.m.m.a.RequestMappingHandlerMapping : Mapped to com.university.lostfound.controller.AuthController#login(LoginRequest)
2026-07-28T17:09:48.042+05:30 DEBUG 2520 --- [lost-found-platform] [nio-8080-exec-1] m.m.a.RequestResponseBodyMethodProcessor : Read "application/json;charset=UTF-8" to [com.university.lostfound.dto.LoginRequest@3dfd553d]
2026-07-28T17:09:48.416+05:30 DEBUG 2520 --- [lost-found-platform] [nio-8080-exec-1] org.hibernate.SQL                        : 
    select
        u1_0.user_id,
        u1_0.created_at,
        u1_0.department_id,
        u1_0.email,
        u1_0.first_name,
        u1_0.is_active,
        u1_0.last_name,
        u1_0.password,
        u1_0.phone,
        u1_0.profile_image,
        u1_0.role_id,
        u1_0.university_id,
        u1_0.updated_at 
    from
        users u1_0 
    where
        u1_0.email=?
Hibernate: 
    select
        u1_0.user_id,
        u1_0.created_at,
        u1_0.department_id,
        u1_0.email,
        u1_0.first_name,
        u1_0.is_active,
        u1_0.last_name,
        u1_0.password,
        u1_0.phone,
        u1_0.profile_image,
        u1_0.role_id,
        u1_0.university_id,
        u1_0.updated_at 
    from
        users u1_0 
    where
        u1_0.email=?
2026-07-28T17:09:48.426+05:30 DEBUG 2520 --- [lost-found-platform] [nio-8080-exec-1] org.hibernate.SQL                        : 
    select
        d1_0.department_id,
        d1_0.created_at,
        d1_0.department_name,
        d1_0.description 
    from
        departments d1_0 
    where
        d1_0.department_id=?
Hibernate: 
    select
        d1_0.department_id,
        d1_0.created_at,
        d1_0.department_name,
        d1_0.description 
    from
        departments d1_0 
    where
        d1_0.department_id=?
2026-07-28T17:09:48.430+05:30 DEBUG 2520 --- [lost-found-platform] [nio-8080-exec-1] org.hibernate.SQL                        : 
    select
        r1_0.role_id,
        r1_0.created_at,
        r1_0.description,
        r1_0.role_name 
    from
        roles r1_0 
    where
        r1_0.role_id=?
Hibernate: 
    select
        r1_0.role_id,
        r1_0.created_at,
        r1_0.description,
        r1_0.role_name 
    from
        roles r1_0 
    where
        r1_0.role_id=?
2026-07-28T17:09:48.800+05:30 DEBUG 2520 --- [lost-found-platform] [nio-8080-exec-1] org.hibernate.SQL                        : 
    insert 
    into
        refresh_tokens
        (created_at, device_name, device_type, expiry_date, ip_address, is_revoked, token, updated_at, user_id, user_agent) 
    values
        (?, ?, ?, ?, ?, ?, ?, ?, ?, ?)
Hibernate: 
    insert 
    into
        refresh_tokens
        (created_at, device_name, device_type, expiry_date, ip_address, is_revoked, token, updated_at, user_id, user_agent) 
    values
        (?, ?, ?, ?, ?, ?, ?, ?, ?, ?)
2026-07-28T17:09:48.857+05:30 DEBUG 2520 --- [lost-found-platform] [nio-8080-exec-1] o.s.w.s.m.m.a.HttpEntityMethodProcessor  : Using 'application/json', given [*/*] and supported [application/json, application/*+json]
2026-07-28T17:09:48.859+05:30 DEBUG 2520 --- [lost-found-platform] [nio-8080-exec-1] o.s.w.s.m.m.a.HttpEntityMethodProcessor  : Writing [com.university.lostfound.dto.ApiResponse@47c9f7b1]
2026-07-28T17:09:48.875+05:30 DEBUG 2520 --- [lost-found-platform] [nio-8080-exec-1] o.s.web.servlet.DispatcherServlet        : Completed 200 OK
2026-07-28T17:15:13.818+05:30 DEBUG 2520 --- [lost-found-platform] [nio-8080-exec-6] o.s.web.servlet.DispatcherServlet        : POST "/api/auth/login", parameters={}
2026-07-28T17:15:13.819+05:30 DEBUG 2520 --- [lost-found-platform] [nio-8080-exec-6] s.w.s.m.m.a.RequestMappingHandlerMapping : Mapped to com.university.lostfound.controller.AuthController#login(LoginRequest)
2026-07-28T17:15:13.820+05:30 DEBUG 2520 --- [lost-found-platform] [nio-8080-exec-6] m.m.a.RequestResponseBodyMethodProcessor : Read "application/json;charset=UTF-8" to [com.university.lostfound.dto.LoginRequest@3f62bae6]
2026-07-28T17:15:13.827+05:30 DEBUG 2520 --- [lost-found-platform] [nio-8080-exec-6] org.hibernate.SQL                        : 
    select
        u1_0.user_id,
        u1_0.created_at,
        u1_0.department_id,
        u1_0.email,
        u1_0.first_name,
        u1_0.is_active,
        u1_0.last_name,
        u1_0.password,
        u1_0.phone,
        u1_0.profile_image,
        u1_0.role_id,
        u1_0.university_id,
        u1_0.updated_at 
    from
        users u1_0 
    where
        u1_0.email=?
Hibernate: 
    select
        u1_0.user_id,
        u1_0.created_at,
        u1_0.department_id,
        u1_0.email,
        u1_0.first_name,
        u1_0.is_active,
        u1_0.last_name,
        u1_0.password,
        u1_0.phone,
        u1_0.profile_image,
        u1_0.role_id,
        u1_0.university_id,
        u1_0.updated_at 
    from
        users u1_0 
    where
        u1_0.email=?
2026-07-28T17:15:13.833+05:30 DEBUG 2520 --- [lost-found-platform] [nio-8080-exec-6] org.hibernate.SQL                        : 
    select
        d1_0.department_id,
        d1_0.created_at,
        d1_0.department_name,
        d1_0.description 
    from
        departments d1_0 
    where
        d1_0.department_id=?
Hibernate: 
    select
        d1_0.department_id,
        d1_0.created_at,
        d1_0.department_name,
        d1_0.description 
    from
        departments d1_0 
    where
        d1_0.department_id=?
2026-07-28T17:15:13.836+05:30 DEBUG 2520 --- [lost-found-platform] [nio-8080-exec-6] org.hibernate.SQL                        : 
    select
        r1_0.role_id,
        r1_0.created_at,
        r1_0.description,
        r1_0.role_name 
    from
        roles r1_0 
    where
        r1_0.role_id=?
Hibernate: 
    select
        r1_0.role_id,
        r1_0.created_at,
        r1_0.description,
        r1_0.role_name 
    from
        roles r1_0 
    where
        r1_0.role_id=?
2026-07-28T17:15:13.915+05:30 DEBUG 2520 --- [lost-found-platform] [nio-8080-exec-6] org.hibernate.SQL                        : 
    insert 
    into
        refresh_tokens
        (created_at, device_name, device_type, expiry_date, ip_address, is_revoked, token, updated_at, user_id, user_agent) 
    values
        (?, ?, ?, ?, ?, ?, ?, ?, ?, ?)
Hibernate: 
    insert 
    into
        refresh_tokens
        (created_at, device_name, device_type, expiry_date, ip_address, is_revoked, token, updated_at, user_id, user_agent) 
    values
        (?, ?, ?, ?, ?, ?, ?, ?, ?, ?)
2026-07-28T17:15:13.925+05:30 DEBUG 2520 --- [lost-found-platform] [nio-8080-exec-6] o.s.w.s.m.m.a.HttpEntityMethodProcessor  : Using 'application/json', given [application/json, text/plain, */*] and supported [application/json, application/*+json]
2026-07-28T17:15:13.925+05:30 DEBUG 2520 --- [lost-found-platform] [nio-8080-exec-6] o.s.w.s.m.m.a.HttpEntityMethodProcessor  : Writing [com.university.lostfound.dto.ApiResponse@28d0cc47]
2026-07-28T17:15:13.925+05:30 DEBUG 2520 --- [lost-found-platform] [nio-8080-exec-6] o.s.web.servlet.DispatcherServlet        : Completed 200 OK
2026-07-28T17:15:14.394+05:30 DEBUG 2520 --- [lost-found-platform] [nio-8080-exec-7] org.hibernate.SQL                        : 
    select
        u1_0.user_id,
        u1_0.created_at,
        u1_0.department_id,
        u1_0.email,
        u1_0.first_name,
        u1_0.is_active,
        u1_0.last_name,
        u1_0.password,
        u1_0.phone,
        u1_0.profile_image,
        u1_0.role_id,
        u1_0.university_id,
        u1_0.updated_at 
    from
        users u1_0 
    where
        u1_0.email=?
Hibernate: 
    select
        u1_0.user_id,
        u1_0.created_at,
        u1_0.department_id,
        u1_0.email,
        u1_0.first_name,
        u1_0.is_active,
        u1_0.last_name,
        u1_0.password,
        u1_0.phone,
        u1_0.profile_image,
        u1_0.role_id,
        u1_0.university_id,
        u1_0.updated_at 
    from
        users u1_0 
    where
        u1_0.email=?
2026-07-28T17:15:14.396+05:30 DEBUG 2520 --- [lost-found-platform] [nio-8080-exec-7] org.hibernate.SQL                        : 
    select
        d1_0.department_id,
        d1_0.created_at,
        d1_0.department_name,
        d1_0.description 
    from
        departments d1_0 
    where
        d1_0.department_id=?
Hibernate: 
    select
        d1_0.department_id,
        d1_0.created_at,
        d1_0.department_name,
        d1_0.description 
    from
        departments d1_0 
    where
        d1_0.department_id=?
2026-07-28T17:15:14.405+05:30 DEBUG 2520 --- [lost-found-platform] [nio-8080-exec-7] org.hibernate.SQL                        : 
    select
        r1_0.role_id,
        r1_0.created_at,
        r1_0.description,
        r1_0.role_name 
    from
        roles r1_0 
    where
        r1_0.role_id=?
Hibernate: 
    select
        r1_0.role_id,
        r1_0.created_at,
        r1_0.description,
        r1_0.role_name 
    from
        roles r1_0 
    where
        r1_0.role_id=?
2026-07-28T17:15:14.413+05:30 DEBUG 2520 --- [lost-found-platform] [nio-8080-exec-7] o.s.web.servlet.DispatcherServlet        : GET "/api/profile", parameters={}
2026-07-28T17:15:14.415+05:30 DEBUG 2520 --- [lost-found-platform] [nio-8080-exec-7] s.w.s.m.m.a.RequestMappingHandlerMapping : Mapped to com.university.lostfound.controller.ProfileController#getProfile(Authentication)
2026-07-28T17:15:14.427+05:30 DEBUG 2520 --- [lost-found-platform] [nio-8080-exec-7] org.hibernate.SQL                        : 
    select
        u1_0.user_id,
        u1_0.created_at,
        u1_0.department_id,
        u1_0.email,
        u1_0.first_name,
        u1_0.is_active,
        u1_0.last_name,
        u1_0.password,
        u1_0.phone,
        u1_0.profile_image,
        u1_0.role_id,
        u1_0.university_id,
        u1_0.updated_at 
    from
        users u1_0 
    where
        u1_0.email=?
Hibernate: 
    select
        u1_0.user_id,
        u1_0.created_at,
        u1_0.department_id,
        u1_0.email,
        u1_0.first_name,
        u1_0.is_active,
        u1_0.last_name,
        u1_0.password,
        u1_0.phone,
        u1_0.profile_image,
        u1_0.role_id,
        u1_0.university_id,
        u1_0.updated_at 
    from
        users u1_0 
    where
        u1_0.email=?
2026-07-28T17:15:14.507+05:30 DEBUG 2520 --- [lost-found-platform] [nio-8080-exec-7] org.hibernate.SQL                        : 
    select
        d1_0.department_id,
        d1_0.created_at,
        d1_0.department_name,
        d1_0.description 
    from
        departments d1_0 
    where
        d1_0.department_id=?
Hibernate: 
    select
        d1_0.department_id,
        d1_0.created_at,
        d1_0.department_name,
        d1_0.description 
    from
        departments d1_0 
    where
        d1_0.department_id=?
2026-07-28T17:15:14.511+05:30 DEBUG 2520 --- [lost-found-platform] [nio-8080-exec-7] org.hibernate.SQL                        : 
    select
        r1_0.role_id,
        r1_0.created_at,
        r1_0.description,
        r1_0.role_name 
    from
        roles r1_0 
    where
        r1_0.role_id=?
Hibernate: 
    select
        r1_0.role_id,
        r1_0.created_at,
        r1_0.description,
        r1_0.role_name 
    from
        roles r1_0 
    where
        r1_0.role_id=?
2026-07-28T17:15:14.531+05:30 DEBUG 2520 --- [lost-found-platform] [nio-8080-exec-7] o.s.w.s.m.m.a.HttpEntityMethodProcessor  : Using 'application/json', given [application/json, text/plain, */*] and supported [application/json, application/*+json]
2026-07-28T17:15:14.533+05:30 DEBUG 2520 --- [lost-found-platform] [nio-8080-exec-7] o.s.w.s.m.m.a.HttpEntityMethodProcessor  : Writing [com.university.lostfound.dto.ApiResponse@648eeb27]
2026-07-28T17:15:14.549+05:30 DEBUG 2520 --- [lost-found-platform] [nio-8080-exec-7] o.s.web.servlet.DispatcherServlet        : Completed 200 OK
2026-07-28T17:15:41.771+05:30 DEBUG 2520 --- [lost-found-platform] [nio-8080-exec-8] org.hibernate.SQL                        : 
    select
        u1_0.user_id,
        u1_0.created_at,
        u1_0.department_id,
        u1_0.email,
        u1_0.first_name,
        u1_0.is_active,
        u1_0.last_name,
        u1_0.password,
        u1_0.phone,
        u1_0.profile_image,
        u1_0.role_id,
        u1_0.university_id,
        u1_0.updated_at 
    from
        users u1_0 
    where
        u1_0.email=?
Hibernate: 
    select
        u1_0.user_id,
        u1_0.created_at,
        u1_0.department_id,
        u1_0.email,
        u1_0.first_name,
        u1_0.is_active,
        u1_0.last_name,
        u1_0.password,
        u1_0.phone,
        u1_0.profile_image,
        u1_0.role_id,
        u1_0.university_id,
        u1_0.updated_at 
    from
        users u1_0 
    where
        u1_0.email=?
2026-07-28T17:15:41.777+05:30 DEBUG 2520 --- [lost-found-platform] [nio-8080-exec-8] org.hibernate.SQL                        : 
    select
        d1_0.department_id,
        d1_0.created_at,
        d1_0.department_name,
        d1_0.description 
    from
        departments d1_0 
    where
        d1_0.department_id=?
Hibernate: 
    select
        d1_0.department_id,
        d1_0.created_at,
        d1_0.department_name,
        d1_0.description 
    from
        departments d1_0 
    where
        d1_0.department_id=?
2026-07-28T17:15:41.782+05:30 DEBUG 2520 --- [lost-found-platform] [nio-8080-exec-8] org.hibernate.SQL                        : 
    select
        r1_0.role_id,
        r1_0.created_at,
        r1_0.description,
        r1_0.role_name 
    from
        roles r1_0 
    where
        r1_0.role_id=?
Hibernate: 
    select
        r1_0.role_id,
        r1_0.created_at,
        r1_0.description,
        r1_0.role_name 
    from
        roles r1_0 
    where
        r1_0.role_id=?
2026-07-28T17:15:41.790+05:30 DEBUG 2520 --- [lost-found-platform] [nio-8080-exec-8] o.s.web.servlet.DispatcherServlet        : POST "/api/auth/login", parameters={}
2026-07-28T17:15:41.793+05:30 DEBUG 2520 --- [lost-found-platform] [nio-8080-exec-8] s.w.s.m.m.a.RequestMappingHandlerMapping : Mapped to com.university.lostfound.controller.AuthController#login(LoginRequest)
2026-07-28T17:15:41.796+05:30 DEBUG 2520 --- [lost-found-platform] [nio-8080-exec-8] m.m.a.RequestResponseBodyMethodProcessor : Read "application/json;charset=UTF-8" to [com.university.lostfound.dto.LoginRequest@3251dae2]
2026-07-28T17:15:41.802+05:30 DEBUG 2520 --- [lost-found-platform] [nio-8080-exec-8] org.hibernate.SQL                        : 
    select
        u1_0.user_id,
        u1_0.created_at,
        u1_0.department_id,
        u1_0.email,
        u1_0.first_name,
        u1_0.is_active,
        u1_0.last_name,
        u1_0.password,
        u1_0.phone,
        u1_0.profile_image,
        u1_0.role_id,
        u1_0.university_id,
        u1_0.updated_at 
    from
        users u1_0 
    where
        u1_0.email=?
Hibernate: 
    select
        u1_0.user_id,
        u1_0.created_at,
        u1_0.department_id,
        u1_0.email,
        u1_0.first_name,
        u1_0.is_active,
        u1_0.last_name,
        u1_0.password,
        u1_0.phone,
        u1_0.profile_image,
        u1_0.role_id,
        u1_0.university_id,
        u1_0.updated_at 
    from
        users u1_0 
    where
        u1_0.email=?
2026-07-28T17:15:41.802+05:30 DEBUG 2520 --- [lost-found-platform] [nio-8080-exec-8] org.hibernate.SQL                        : 
    select
        d1_0.department_id,
        d1_0.created_at,
        d1_0.department_name,
        d1_0.description 
    from
        departments d1_0 
    where
        d1_0.department_id=?
Hibernate: 
    select
        d1_0.department_id,
        d1_0.created_at,
        d1_0.department_name,
        d1_0.description 
    from
        departments d1_0 
    where
        d1_0.department_id=?
2026-07-28T17:15:41.802+05:30 DEBUG 2520 --- [lost-found-platform] [nio-8080-exec-8] org.hibernate.SQL                        : 
    select
        r1_0.role_id,
        r1_0.created_at,
        r1_0.description,
        r1_0.role_name 
    from
        roles r1_0 
    where
        r1_0.role_id=?
Hibernate: 
    select
        r1_0.role_id,
        r1_0.created_at,
        r1_0.description,
        r1_0.role_name 
    from
        roles r1_0 
    where
        r1_0.role_id=?
2026-07-28T17:15:41.895+05:30 DEBUG 2520 --- [lost-found-platform] [nio-8080-exec-8] org.hibernate.SQL                        : 
    insert 
    into
        refresh_tokens
        (created_at, device_name, device_type, expiry_date, ip_address, is_revoked, token, updated_at, user_id, user_agent) 
    values
        (?, ?, ?, ?, ?, ?, ?, ?, ?, ?)
Hibernate: 
    insert 
    into
        refresh_tokens
        (created_at, device_name, device_type, expiry_date, ip_address, is_revoked, token, updated_at, user_id, user_agent) 
    values
        (?, ?, ?, ?, ?, ?, ?, ?, ?, ?)
2026-07-28T17:15:41.897+05:30 DEBUG 2520 --- [lost-found-platform] [nio-8080-exec-8] o.s.w.s.m.m.a.HttpEntityMethodProcessor  : Using 'application/json', given [application/json, text/plain, */*] and supported [application/json, application/*+json]
2026-07-28T17:15:41.897+05:30 DEBUG 2520 --- [lost-found-platform] [nio-8080-exec-8] o.s.w.s.m.m.a.HttpEntityMethodProcessor  : Writing [com.university.lostfound.dto.ApiResponse@4b490ca4]
2026-07-28T17:15:41.897+05:30 DEBUG 2520 --- [lost-found-platform] [nio-8080-exec-8] o.s.web.servlet.DispatcherServlet        : Completed 200 OK
2026-07-28T17:15:42.033+05:30 DEBUG 2520 --- [lost-found-platform] [nio-8080-exec-9] org.hibernate.SQL                        : 
    select
        u1_0.user_id,
        u1_0.created_at,
        u1_0.department_id,
        u1_0.email,
        u1_0.first_name,
        u1_0.is_active,
        u1_0.last_name,
        u1_0.password,
        u1_0.phone,
        u1_0.profile_image,
        u1_0.role_id,
        u1_0.university_id,
        u1_0.updated_at 
    from
        users u1_0 
    where
        u1_0.email=?
Hibernate: 
    select
        u1_0.user_id,
        u1_0.created_at,
        u1_0.department_id,
        u1_0.email,
        u1_0.first_name,
        u1_0.is_active,
        u1_0.last_name,
        u1_0.password,
        u1_0.phone,
        u1_0.profile_image,
        u1_0.role_id,
        u1_0.university_id,
        u1_0.updated_at 
    from
        users u1_0 
    where
        u1_0.email=?
2026-07-28T17:15:42.082+05:30 DEBUG 2520 --- [lost-found-platform] [nio-8080-exec-9] org.hibernate.SQL                        : 
    select
        d1_0.department_id,
        d1_0.created_at,
        d1_0.department_name,
        d1_0.description 
    from
        departments d1_0 
    where
        d1_0.department_id=?
Hibernate: 
    select
        d1_0.department_id,
        d1_0.created_at,
        d1_0.department_name,
        d1_0.description 
    from
        departments d1_0 
    where
        d1_0.department_id=?
2026-07-28T17:15:42.090+05:30 DEBUG 2520 --- [lost-found-platform] [nio-8080-exec-9] org.hibernate.SQL                        : 
    select
        r1_0.role_id,
        r1_0.created_at,
        r1_0.description,
        r1_0.role_name 
    from
        roles r1_0 
    where
        r1_0.role_id=?
Hibernate: 
    select
        r1_0.role_id,
        r1_0.created_at,
        r1_0.description,
        r1_0.role_name 
    from
        roles r1_0 
    where
        r1_0.role_id=?
2026-07-28T17:15:42.108+05:30 DEBUG 2520 --- [lost-found-platform] [nio-8080-exec-9] o.s.web.servlet.DispatcherServlet        : GET "/api/profile", parameters={}
2026-07-28T17:15:42.110+05:30 DEBUG 2520 --- [lost-found-platform] [nio-8080-exec-9] s.w.s.m.m.a.RequestMappingHandlerMapping : Mapped to com.university.lostfound.controller.ProfileController#getProfile(Authentication)
2026-07-28T17:15:42.114+05:30 DEBUG 2520 --- [lost-found-platform] [nio-8080-exec-9] org.hibernate.SQL                        : 
    select
        u1_0.user_id,
        u1_0.created_at,
        u1_0.department_id,
        u1_0.email,
        u1_0.first_name,
        u1_0.is_active,
        u1_0.last_name,
        u1_0.password,
        u1_0.phone,
        u1_0.profile_image,
        u1_0.role_id,
        u1_0.university_id,
        u1_0.updated_at 
    from
        users u1_0 
    where
        u1_0.email=?
Hibernate: 
    select
        u1_0.user_id,
        u1_0.created_at,
        u1_0.department_id,
        u1_0.email,
        u1_0.first_name,
        u1_0.is_active,
        u1_0.last_name,
        u1_0.password,
        u1_0.phone,
        u1_0.profile_image,
        u1_0.role_id,
        u1_0.university_id,
        u1_0.updated_at 
    from
        users u1_0 
    where
        u1_0.email=?
2026-07-28T17:15:42.118+05:30 DEBUG 2520 --- [lost-found-platform] [nio-8080-exec-9] org.hibernate.SQL                        : 
    select
        d1_0.department_id,
        d1_0.created_at,
        d1_0.department_name,
        d1_0.description 
    from
        departments d1_0 
    where
        d1_0.department_id=?
Hibernate: 
    select
        d1_0.department_id,
        d1_0.created_at,
        d1_0.department_name,
        d1_0.description 
    from
        departments d1_0 
    where
        d1_0.department_id=?
2026-07-28T17:15:42.124+05:30 DEBUG 2520 --- [lost-found-platform] [nio-8080-exec-9] org.hibernate.SQL                        : 
    select
        r1_0.role_id,
        r1_0.created_at,
        r1_0.description,
        r1_0.role_name 
    from
        roles r1_0 
    where
        r1_0.role_id=?
Hibernate: 
    select
        r1_0.role_id,
        r1_0.created_at,
        r1_0.description,
        r1_0.role_name 
    from
        roles r1_0 
    where
        r1_0.role_id=?
2026-07-28T17:15:42.132+05:30 DEBUG 2520 --- [lost-found-platform] [nio-8080-exec-9] o.s.w.s.m.m.a.HttpEntityMethodProcessor  : Using 'application/json', given [application/json, text/plain, */*] and supported [application/json, application/*+json]
2026-07-28T17:15:42.132+05:30 DEBUG 2520 --- [lost-found-platform] [nio-8080-exec-9] o.s.w.s.m.m.a.HttpEntityMethodProcessor  : Writing [com.university.lostfound.dto.ApiResponse@27e82b49]
2026-07-28T17:15:42.134+05:30 DEBUG 2520 --- [lost-found-platform] [nio-8080-exec-9] o.s.web.servlet.DispatcherServlet        : Completed 200 OK
2026-07-28T17:15:42.182+05:30 DEBUG 2520 --- [lost-found-platform] [io-8080-exec-10] org.hibernate.SQL                        : 
    select
        u1_0.user_id,
        u1_0.created_at,
        u1_0.department_id,
        u1_0.email,
        u1_0.first_name,
        u1_0.is_active,
        u1_0.last_name,
        u1_0.password,
        u1_0.phone,
        u1_0.profile_image,
        u1_0.role_id,
        u1_0.university_id,
        u1_0.updated_at 
    from
        users u1_0 
    where
        u1_0.email=?
Hibernate: 
    select
        u1_0.user_id,
        u1_0.created_at,
        u1_0.department_id,
        u1_0.email,
        u1_0.first_name,
        u1_0.is_active,
        u1_0.last_name,
        u1_0.password,
        u1_0.phone,
        u1_0.profile_image,
        u1_0.role_id,
        u1_0.university_id,
        u1_0.updated_at 
    from
        users u1_0 
    where
        u1_0.email=?
2026-07-28T17:15:42.195+05:30 DEBUG 2520 --- [lost-found-platform] [io-8080-exec-10] org.hibernate.SQL                        : 
    select
        d1_0.department_id,
        d1_0.created_at,
        d1_0.department_name,
        d1_0.description 
    from
        departments d1_0 
    where
        d1_0.department_id=?
Hibernate: 
    select
        d1_0.department_id,
        d1_0.created_at,
        d1_0.department_name,
        d1_0.description 
    from
        departments d1_0 
    where
        d1_0.department_id=?
2026-07-28T17:15:42.208+05:30 DEBUG 2520 --- [lost-found-platform] [io-8080-exec-10] org.hibernate.SQL                        : 
    select
        r1_0.role_id,
        r1_0.created_at,
        r1_0.description,
        r1_0.role_name 
    from
        roles r1_0 
    where
        r1_0.role_id=?
Hibernate: 
    select
        r1_0.role_id,
        r1_0.created_at,
        r1_0.description,
        r1_0.role_name 
    from
        roles r1_0 
    where
        r1_0.role_id=?
2026-07-28T17:15:42.215+05:30 DEBUG 2520 --- [lost-found-platform] [io-8080-exec-10] o.s.web.servlet.DispatcherServlet        : GET "/api/dashboard/admin", parameters={}
2026-07-28T17:15:42.217+05:30 DEBUG 2520 --- [lost-found-platform] [io-8080-exec-10] s.w.s.m.m.a.RequestMappingHandlerMapping : Mapped to com.university.lostfound.controller.DashboardController#getAdminAnalytics()
2026-07-28T17:15:42.249+05:30 DEBUG 2520 --- [lost-found-platform] [nio-8080-exec-1] org.hibernate.SQL                        : 
    select
        u1_0.user_id,
        u1_0.created_at,
        u1_0.department_id,
        u1_0.email,
        u1_0.first_name,
        u1_0.is_active,
        u1_0.last_name,
        u1_0.password,
        u1_0.phone,
        u1_0.profile_image,
        u1_0.role_id,
        u1_0.university_id,
        u1_0.updated_at 
    from
        users u1_0 
    where
        u1_0.email=?
Hibernate: 
    select
        u1_0.user_id,
        u1_0.created_at,
        u1_0.department_id,
        u1_0.email,
        u1_0.first_name,
        u1_0.is_active,
        u1_0.last_name,
        u1_0.password,
        u1_0.phone,
        u1_0.profile_image,
        u1_0.role_id,
        u1_0.university_id,
        u1_0.updated_at 
    from
        users u1_0 
    where
        u1_0.email=?
2026-07-28T17:15:42.258+05:30 DEBUG 2520 --- [lost-found-platform] [nio-8080-exec-1] org.hibernate.SQL                        : 
    select
        d1_0.department_id,
        d1_0.created_at,
        d1_0.department_name,
        d1_0.description 
    from
        departments d1_0 
    where
        d1_0.department_id=?
Hibernate: 
    select
        d1_0.department_id,
        d1_0.created_at,
        d1_0.department_name,
        d1_0.description 
    from
        departments d1_0 
    where
        d1_0.department_id=?
2026-07-28T17:15:42.264+05:30 DEBUG 2520 --- [lost-found-platform] [nio-8080-exec-1] org.hibernate.SQL                        : 
    select
        r1_0.role_id,
        r1_0.created_at,
        r1_0.description,
        r1_0.role_name 
    from
        roles r1_0 
    where
        r1_0.role_id=?
Hibernate: 
    select
        r1_0.role_id,
        r1_0.created_at,
        r1_0.description,
        r1_0.role_name 
    from
        roles r1_0 
    where
        r1_0.role_id=?
2026-07-28T17:15:42.272+05:30 DEBUG 2520 --- [lost-found-platform] [nio-8080-exec-1] o.s.web.servlet.DispatcherServlet        : GET "/api/notifications/unread-count", parameters={}
2026-07-28T17:15:42.274+05:30 DEBUG 2520 --- [lost-found-platform] [nio-8080-exec-1] s.w.s.m.m.a.RequestMappingHandlerMapping : Mapped to com.university.lostfound.controller.NotificationController#getUnreadCount(Authentication)
2026-07-28T17:15:42.280+05:30 DEBUG 2520 --- [lost-found-platform] [nio-8080-exec-1] org.hibernate.SQL                        : 
    select
        u1_0.user_id,
        u1_0.created_at,
        u1_0.department_id,
        u1_0.email,
        u1_0.first_name,
        u1_0.is_active,
        u1_0.last_name,
        u1_0.password,
        u1_0.phone,
        u1_0.profile_image,
        u1_0.role_id,
        u1_0.university_id,
        u1_0.updated_at 
    from
        users u1_0 
    where
        u1_0.email=?
Hibernate: 
    select
        u1_0.user_id,
        u1_0.created_at,
        u1_0.department_id,
        u1_0.email,
        u1_0.first_name,
        u1_0.is_active,
        u1_0.last_name,
        u1_0.password,
        u1_0.phone,
        u1_0.profile_image,
        u1_0.role_id,
        u1_0.university_id,
        u1_0.updated_at 
    from
        users u1_0 
    where
        u1_0.email=?
2026-07-28T17:15:42.284+05:30 DEBUG 2520 --- [lost-found-platform] [nio-8080-exec-1] org.hibernate.SQL                        : 
    select
        d1_0.department_id,
        d1_0.created_at,
        d1_0.department_name,
        d1_0.description 
    from
        departments d1_0 
    where
        d1_0.department_id=?
Hibernate: 
    select
        d1_0.department_id,
        d1_0.created_at,
        d1_0.department_name,
        d1_0.description 
    from
        departments d1_0 
    where
        d1_0.department_id=?
2026-07-28T17:15:42.293+05:30 DEBUG 2520 --- [lost-found-platform] [nio-8080-exec-1] org.hibernate.SQL                        : 
    select
        r1_0.role_id,
        r1_0.created_at,
        r1_0.description,
        r1_0.role_name 
    from
        roles r1_0 
    where
        r1_0.role_id=?
Hibernate: 
    select
        r1_0.role_id,
        r1_0.created_at,
        r1_0.description,
        r1_0.role_name 
    from
        roles r1_0 
    where
        r1_0.role_id=?
2026-07-28T17:15:42.320+05:30 DEBUG 2520 --- [lost-found-platform] [nio-8080-exec-1] org.hibernate.SQL                        : 
    select
        count(n1_0.notification_id) 
    from
        notifications n1_0 
    where
        n1_0.receiver_user_id=? 
        and not(n1_0.is_read)
Hibernate: 
    select
        count(n1_0.notification_id) 
    from
        notifications n1_0 
    where
        n1_0.receiver_user_id=? 
        and not(n1_0.is_read)
2026-07-28T17:15:42.395+05:30 DEBUG 2520 --- [lost-found-platform] [io-8080-exec-10] org.hibernate.SQL                        : 
    select
        count(*) 
    from
        users u1_0
Hibernate: 
    select
        count(*) 
    from
        users u1_0
2026-07-28T17:15:42.419+05:30 DEBUG 2520 --- [lost-found-platform] [io-8080-exec-10] org.hibernate.SQL                        : 
    select
        count(*) 
    from
        items i1_0
Hibernate: 
    select
        count(*) 
    from
        items i1_0
2026-07-28T17:15:42.430+05:30 DEBUG 2520 --- [lost-found-platform] [nio-8080-exec-1] o.s.w.s.m.m.a.HttpEntityMethodProcessor  : Using 'application/json', given [application/json, text/plain, */*] and supported [application/json, application/*+json]
2026-07-28T17:15:42.432+05:30 DEBUG 2520 --- [lost-found-platform] [nio-8080-exec-1] o.s.w.s.m.m.a.HttpEntityMethodProcessor  : Writing [com.university.lostfound.dto.ApiResponse@43fb523c]
2026-07-28T17:15:42.435+05:30 DEBUG 2520 --- [lost-found-platform] [nio-8080-exec-1] o.s.web.servlet.DispatcherServlet        : Completed 200 OK
2026-07-28T17:15:42.447+05:30 DEBUG 2520 --- [lost-found-platform] [io-8080-exec-10] org.hibernate.SQL                        : 
    select
        count(i1_0.item_id) 
    from
        items i1_0 
    left join
        item_types t1_0 
            on t1_0.type_id=i1_0.type_id 
    where
        t1_0.type_name=?
Hibernate: 
    select
        count(i1_0.item_id) 
    from
        items i1_0 
    left join
        item_types t1_0 
            on t1_0.type_id=i1_0.type_id 
    where
        t1_0.type_name=?
2026-07-28T17:15:42.474+05:30 DEBUG 2520 --- [lost-found-platform] [io-8080-exec-10] org.hibernate.SQL                        : 
    select
        count(i1_0.item_id) 
    from
        items i1_0 
    left join
        item_types t1_0 
            on t1_0.type_id=i1_0.type_id 
    where
        t1_0.type_name=?
Hibernate: 
    select
        count(i1_0.item_id) 
    from
        items i1_0 
    left join
        item_types t1_0 
            on t1_0.type_id=i1_0.type_id 
    where
        t1_0.type_name=?
2026-07-28T17:15:42.487+05:30 DEBUG 2520 --- [lost-found-platform] [io-8080-exec-10] org.hibernate.SQL                        : 
    select
        count(c1_0.claim_id) 
    from
        claims c1_0 
    where
        c1_0.claim_status=?
Hibernate: 
    select
        count(c1_0.claim_id) 
    from
        claims c1_0 
    where
        c1_0.claim_status=?
2026-07-28T17:15:42.500+05:30 DEBUG 2520 --- [lost-found-platform] [io-8080-exec-10] org.hibernate.SQL                        : 
    select
        count(c1_0.claim_id) 
    from
        claims c1_0 
    where
        c1_0.claim_status=?
Hibernate: 
    select
        count(c1_0.claim_id) 
    from
        claims c1_0 
    where
        c1_0.claim_status=?
2026-07-28T17:15:42.506+05:30 DEBUG 2520 --- [lost-found-platform] [io-8080-exec-10] org.hibernate.SQL                        : 
    select
        count(*) 
    from
        announcements a1_0
Hibernate: 
    select
        count(*) 
    from
        announcements a1_0
2026-07-28T17:15:42.522+05:30 DEBUG 2520 --- [lost-found-platform] [io-8080-exec-10] org.hibernate.SQL                        : 
    select
        c1_0.category_name,
        count(i1_0.item_id) 
    from
        items i1_0 
    join
        categories c1_0 
            on c1_0.category_id=i1_0.category_id 
    group by
        c1_0.category_name
Hibernate: 
    select
        c1_0.category_name,
        count(i1_0.item_id) 
    from
        items i1_0 
    join
        categories c1_0 
            on c1_0.category_id=i1_0.category_id 
    group by
        c1_0.category_name
2026-07-28T17:15:42.538+05:30 DEBUG 2520 --- [lost-found-platform] [io-8080-exec-10] org.hibernate.SQL                        : 
    select
        l1_0.location_name,
        count(i1_0.item_id) 
    from
        items i1_0 
    join
        locations l1_0 
            on l1_0.location_id=i1_0.location_id 
    group by
        l1_0.location_name
Hibernate: 
    select
        l1_0.location_name,
        count(i1_0.item_id) 
    from
        items i1_0 
    join
        locations l1_0 
            on l1_0.location_id=i1_0.location_id 
    group by
        l1_0.location_name
2026-07-28T17:15:42.558+05:30 DEBUG 2520 --- [lost-found-platform] [io-8080-exec-10] org.hibernate.SQL                        : 
    select
        i1_0.item_id,
        i1_0.brand,
        i1_0.category_id,
        i1_0.claimed_by_user_id,
        i1_0.color,
        i1_0.created_at,
        i1_0.date_found,
        i1_0.date_lost,
        i1_0.description,
        i1_0.is_active,
        i1_0.is_claimable,
        i1_0.is_verified,
        i1_0.item_condition,
        i1_0.location_id,
        i1_0.remarks,
        i1_0.serial_number,
        i1_0.status_id,
        i1_0.title,
        i1_0.type_id,
        i1_0.updated_at,
        i1_0.uploaded_by_user_id,
        i1_0.verified_by_user_id 
    from
        items i1_0 
    where
        i1_0.is_active 
    order by
        i1_0.created_at desc 
    limit
        ?
Hibernate: 
    select
        i1_0.item_id,
        i1_0.brand,
        i1_0.category_id,
        i1_0.claimed_by_user_id,
        i1_0.color,
        i1_0.created_at,
        i1_0.date_found,
        i1_0.date_lost,
        i1_0.description,
        i1_0.is_active,
        i1_0.is_claimable,
        i1_0.is_verified,
        i1_0.item_condition,
        i1_0.location_id,
        i1_0.remarks,
        i1_0.serial_number,
        i1_0.status_id,
        i1_0.title,
        i1_0.type_id,
        i1_0.updated_at,
        i1_0.uploaded_by_user_id,
        i1_0.verified_by_user_id 
    from
        items i1_0 
    where
        i1_0.is_active 
    order by
        i1_0.created_at desc 
    limit
        ?
2026-07-28T17:15:42.570+05:30 DEBUG 2520 --- [lost-found-platform] [io-8080-exec-10] org.hibernate.SQL                        : 
    select
        c1_0.claim_id,
        c1_0.claim_status,
        c1_0.claimant_user_id,
        c1_0.claimed_at,
        c1_0.item_id,
        c1_0.proof_description,
        c1_0.proof_document_url,
        c1_0.reviewed_at,
        c1_0.reviewed_by_user_id,
        c1_0.reviewer_remarks 
    from
        claims c1_0 
    order by
        c1_0.claimed_at desc
Hibernate: 
    select
        c1_0.claim_id,
        c1_0.claim_status,
        c1_0.claimant_user_id,
        c1_0.claimed_at,
        c1_0.item_id,
        c1_0.proof_description,
        c1_0.proof_document_url,
        c1_0.reviewed_at,
        c1_0.reviewed_by_user_id,
        c1_0.reviewer_remarks 
    from
        claims c1_0 
    order by
        c1_0.claimed_at desc
2026-07-28T17:15:42.587+05:30 DEBUG 2520 --- [lost-found-platform] [io-8080-exec-10] org.hibernate.SQL                        : 
    select
        al1_0.audit_log_id,
        al1_0.action,
        al1_0.action_status,
        al1_0.browser_name,
        al1_0.created_at,
        al1_0.description,
        al1_0.device_type,
        al1_0.entity_id,
        al1_0.entity_name,
        al1_0.failure_reason,
        al1_0.ip_address,
        al1_0.operating_system,
        al1_0.request_method,
        al1_0.request_url,
        al1_0.user_id,
        al1_0.user_agent 
    from
        audit_logs al1_0 
    order by
        al1_0.created_at desc 
    limit
        ?
Hibernate: 
    select
        al1_0.audit_log_id,
        al1_0.action,
        al1_0.action_status,
        al1_0.browser_name,
        al1_0.created_at,
        al1_0.description,
        al1_0.device_type,
        al1_0.entity_id,
        al1_0.entity_name,
        al1_0.failure_reason,
        al1_0.ip_address,
        al1_0.operating_system,
        al1_0.request_method,
        al1_0.request_url,
        al1_0.user_id,
        al1_0.user_agent 
    from
        audit_logs al1_0 
    order by
        al1_0.created_at desc 
    limit
        ?
2026-07-28T17:15:42.599+05:30 DEBUG 2520 --- [lost-found-platform] [io-8080-exec-10] o.s.w.s.m.m.a.HttpEntityMethodProcessor  : Using 'application/json', given [application/json, text/plain, */*] and supported [application/json, application/*+json]
2026-07-28T17:15:42.601+05:30 DEBUG 2520 --- [lost-found-platform] [io-8080-exec-10] o.s.w.s.m.m.a.HttpEntityMethodProcessor  : Writing [com.university.lostfound.dto.ApiResponse@5f9b6ef9]
2026-07-28T17:15:42.615+05:30 DEBUG 2520 --- [lost-found-platform] [io-8080-exec-10] o.s.web.servlet.DispatcherServlet        : Completed 200 OK
2026-07-28T17:15:42.619+05:30 DEBUG 2520 --- [lost-found-platform] [nio-8080-exec-2] org.hibernate.SQL                        : 
    select
        u1_0.user_id,
        u1_0.created_at,
        u1_0.department_id,
        u1_0.email,
        u1_0.first_name,
        u1_0.is_active,
        u1_0.last_name,
        u1_0.password,
        u1_0.phone,
        u1_0.profile_image,
        u1_0.role_id,
        u1_0.university_id,
        u1_0.updated_at 
    from
        users u1_0 
    where
        u1_0.email=?
Hibernate: 
    select
        u1_0.user_id,
        u1_0.created_at,
        u1_0.department_id,
        u1_0.email,
        u1_0.first_name,
        u1_0.is_active,
        u1_0.last_name,
        u1_0.password,
        u1_0.phone,
        u1_0.profile_image,
        u1_0.role_id,
        u1_0.university_id,
        u1_0.updated_at 
    from
        users u1_0 
    where
        u1_0.email=?
2026-07-28T17:15:42.623+05:30 DEBUG 2520 --- [lost-found-platform] [nio-8080-exec-2] org.hibernate.SQL                        : 
    select
        d1_0.department_id,
        d1_0.created_at,
        d1_0.department_name,
        d1_0.description 
    from
        departments d1_0 
    where
        d1_0.department_id=?
Hibernate: 
    select
        d1_0.department_id,
        d1_0.created_at,
        d1_0.department_name,
        d1_0.description 
    from
        departments d1_0 
    where
        d1_0.department_id=?
2026-07-28T17:15:42.631+05:30 DEBUG 2520 --- [lost-found-platform] [nio-8080-exec-2] org.hibernate.SQL                        : 
    select
        r1_0.role_id,
        r1_0.created_at,
        r1_0.description,
        r1_0.role_name 
    from
        roles r1_0 
    where
        r1_0.role_id=?
Hibernate: 
    select
        r1_0.role_id,
        r1_0.created_at,
        r1_0.description,
        r1_0.role_name 
    from
        roles r1_0 
    where
        r1_0.role_id=?
2026-07-28T17:15:42.637+05:30 DEBUG 2520 --- [lost-found-platform] [nio-8080-exec-2] o.s.web.servlet.DispatcherServlet        : GET "/api/notifications/unread-count", parameters={}
2026-07-28T17:15:42.639+05:30 DEBUG 2520 --- [lost-found-platform] [nio-8080-exec-2] s.w.s.m.m.a.RequestMappingHandlerMapping : Mapped to com.university.lostfound.controller.NotificationController#getUnreadCount(Authentication)
2026-07-28T17:15:42.645+05:30 DEBUG 2520 --- [lost-found-platform] [nio-8080-exec-2] org.hibernate.SQL                        : 
    select
        u1_0.user_id,
        u1_0.created_at,
        u1_0.department_id,
        u1_0.email,
        u1_0.first_name,
        u1_0.is_active,
        u1_0.last_name,
        u1_0.password,
        u1_0.phone,
        u1_0.profile_image,
        u1_0.role_id,
        u1_0.university_id,
        u1_0.updated_at 
    from
        users u1_0 
    where
        u1_0.email=?
Hibernate: 
    select
        u1_0.user_id,
        u1_0.created_at,
        u1_0.department_id,
        u1_0.email,
        u1_0.first_name,
        u1_0.is_active,
        u1_0.last_name,
        u1_0.password,
        u1_0.phone,
        u1_0.profile_image,
        u1_0.role_id,
        u1_0.university_id,
        u1_0.updated_at 
    from
        users u1_0 
    where
        u1_0.email=?
2026-07-28T17:15:42.651+05:30 DEBUG 2520 --- [lost-found-platform] [nio-8080-exec-2] org.hibernate.SQL                        : 
    select
        d1_0.department_id,
        d1_0.created_at,
        d1_0.department_name,
        d1_0.description 
    from
        departments d1_0 
    where
        d1_0.department_id=?
Hibernate: 
    select
        d1_0.department_id,
        d1_0.created_at,
        d1_0.department_name,
        d1_0.description 
    from
        departments d1_0 
    where
        d1_0.department_id=?
2026-07-28T17:15:42.655+05:30 DEBUG 2520 --- [lost-found-platform] [nio-8080-exec-2] org.hibernate.SQL                        : 
    select
        r1_0.role_id,
        r1_0.created_at,
        r1_0.description,
        r1_0.role_name 
    from
        roles r1_0 
    where
        r1_0.role_id=?
Hibernate: 
    select
        r1_0.role_id,
        r1_0.created_at,
        r1_0.description,
        r1_0.role_name 
    from
        roles r1_0 
    where
        r1_0.role_id=?
2026-07-28T17:15:42.669+05:30 DEBUG 2520 --- [lost-found-platform] [nio-8080-exec-2] org.hibernate.SQL                        : 
    select
        count(n1_0.notification_id) 
    from
        notifications n1_0 
    where
        n1_0.receiver_user_id=? 
        and not(n1_0.is_read)
Hibernate: 
    select
        count(n1_0.notification_id) 
    from
        notifications n1_0 
    where
        n1_0.receiver_user_id=? 
        and not(n1_0.is_read)
2026-07-28T17:15:42.675+05:30 DEBUG 2520 --- [lost-found-platform] [nio-8080-exec-2] o.s.w.s.m.m.a.HttpEntityMethodProcessor  : Using 'application/json', given [application/json, text/plain, */*] and supported [application/json, application/*+json]
2026-07-28T17:15:42.679+05:30 DEBUG 2520 --- [lost-found-platform] [nio-8080-exec-2] o.s.w.s.m.m.a.HttpEntityMethodProcessor  : Writing [com.university.lostfound.dto.ApiResponse@586bd0a9]
2026-07-28T17:15:42.683+05:30 DEBUG 2520 --- [lost-found-platform] [nio-8080-exec-2] o.s.web.servlet.DispatcherServlet        : Completed 200 OK
2026-07-28T17:15:42.689+05:30 DEBUG 2520 --- [lost-found-platform] [nio-8080-exec-3] org.hibernate.SQL                        : 
    select
        u1_0.user_id,
        u1_0.created_at,
        u1_0.department_id,
        u1_0.email,
        u1_0.first_name,
        u1_0.is_active,
        u1_0.last_name,
        u1_0.password,
        u1_0.phone,
        u1_0.profile_image,
        u1_0.role_id,
        u1_0.university_id,
        u1_0.updated_at 
    from
        users u1_0 
    where
        u1_0.email=?
Hibernate: 
    select
        u1_0.user_id,
        u1_0.created_at,
        u1_0.department_id,
        u1_0.email,
        u1_0.first_name,
        u1_0.is_active,
        u1_0.last_name,
        u1_0.password,
        u1_0.phone,
        u1_0.profile_image,
        u1_0.role_id,
        u1_0.university_id,
        u1_0.updated_at 
    from
        users u1_0 
    where
        u1_0.email=?
2026-07-28T17:15:42.724+05:30 DEBUG 2520 --- [lost-found-platform] [nio-8080-exec-3] org.hibernate.SQL                        : 
    select
        d1_0.department_id,
        d1_0.created_at,
        d1_0.department_name,
        d1_0.description 
    from
        departments d1_0 
    where
        d1_0.department_id=?
Hibernate: 
    select
        d1_0.department_id,
        d1_0.created_at,
        d1_0.department_name,
        d1_0.description 
    from
        departments d1_0 
    where
        d1_0.department_id=?
2026-07-28T17:15:42.736+05:30 DEBUG 2520 --- [lost-found-platform] [nio-8080-exec-3] org.hibernate.SQL                        : 
    select
        r1_0.role_id,
        r1_0.created_at,
        r1_0.description,
        r1_0.role_name 
    from
        roles r1_0 
    where
        r1_0.role_id=?
Hibernate: 
    select
        r1_0.role_id,
        r1_0.created_at,
        r1_0.description,
        r1_0.role_name 
    from
        roles r1_0 
    where
        r1_0.role_id=?
2026-07-28T17:15:42.752+05:30 DEBUG 2520 --- [lost-found-platform] [nio-8080-exec-3] o.s.web.servlet.DispatcherServlet        : GET "/api/dashboard/admin", parameters={}
2026-07-28T17:15:42.756+05:30 DEBUG 2520 --- [lost-found-platform] [nio-8080-exec-3] s.w.s.m.m.a.RequestMappingHandlerMapping : Mapped to com.university.lostfound.controller.DashboardController#getAdminAnalytics()
2026-07-28T17:15:42.848+05:30 DEBUG 2520 --- [lost-found-platform] [nio-8080-exec-3] org.hibernate.SQL                        : 
    select
        count(*) 
    from
        users u1_0
Hibernate: 
    select
        count(*) 
    from
        users u1_0
2026-07-28T17:15:42.860+05:30 DEBUG 2520 --- [lost-found-platform] [nio-8080-exec-3] org.hibernate.SQL                        : 
    select
        count(*) 
    from
        items i1_0
Hibernate: 
    select
        count(*) 
    from
        items i1_0
2026-07-28T17:15:42.868+05:30 DEBUG 2520 --- [lost-found-platform] [nio-8080-exec-3] org.hibernate.SQL                        : 
    select
        count(i1_0.item_id) 
    from
        items i1_0 
    left join
        item_types t1_0 
            on t1_0.type_id=i1_0.type_id 
    where
        t1_0.type_name=?
Hibernate: 
    select
        count(i1_0.item_id) 
    from
        items i1_0 
    left join
        item_types t1_0 
            on t1_0.type_id=i1_0.type_id 
    where
        t1_0.type_name=?
2026-07-28T17:15:42.874+05:30 DEBUG 2520 --- [lost-found-platform] [nio-8080-exec-3] org.hibernate.SQL                        : 
    select
        count(i1_0.item_id) 
    from
        items i1_0 
    left join
        item_types t1_0 
            on t1_0.type_id=i1_0.type_id 
    where
        t1_0.type_name=?
Hibernate: 
    select
        count(i1_0.item_id) 
    from
        items i1_0 
    left join
        item_types t1_0 
            on t1_0.type_id=i1_0.type_id 
    where
        t1_0.type_name=?
2026-07-28T17:15:42.882+05:30 DEBUG 2520 --- [lost-found-platform] [nio-8080-exec-3] org.hibernate.SQL                        : 
    select
        count(c1_0.claim_id) 
    from
        claims c1_0 
    where
        c1_0.claim_status=?
Hibernate: 
    select
        count(c1_0.claim_id) 
    from
        claims c1_0 
    where
        c1_0.claim_status=?
2026-07-28T17:15:42.891+05:30 DEBUG 2520 --- [lost-found-platform] [nio-8080-exec-3] org.hibernate.SQL                        : 
    select
        count(c1_0.claim_id) 
    from
        claims c1_0 
    where
        c1_0.claim_status=?
Hibernate: 
    select
        count(c1_0.claim_id) 
    from
        claims c1_0 
    where
        c1_0.claim_status=?
2026-07-28T17:15:42.904+05:30 DEBUG 2520 --- [lost-found-platform] [nio-8080-exec-3] org.hibernate.SQL                        : 
    select
        count(*) 
    from
        announcements a1_0
Hibernate: 
    select
        count(*) 
    from
        announcements a1_0
2026-07-28T17:15:42.930+05:30 DEBUG 2520 --- [lost-found-platform] [nio-8080-exec-3] org.hibernate.SQL                        : 
    select
        c1_0.category_name,
        count(i1_0.item_id) 
    from
        items i1_0 
    join
        categories c1_0 
            on c1_0.category_id=i1_0.category_id 
    group by
        c1_0.category_name
Hibernate: 
    select
        c1_0.category_name,
        count(i1_0.item_id) 
    from
        items i1_0 
    join
        categories c1_0 
            on c1_0.category_id=i1_0.category_id 
    group by
        c1_0.category_name
2026-07-28T17:15:42.942+05:30 DEBUG 2520 --- [lost-found-platform] [nio-8080-exec-3] org.hibernate.SQL                        : 
    select
        l1_0.location_name,
        count(i1_0.item_id) 
    from
        items i1_0 
    join
        locations l1_0 
            on l1_0.location_id=i1_0.location_id 
    group by
        l1_0.location_name
Hibernate: 
    select
        l1_0.location_name,
        count(i1_0.item_id) 
    from
        items i1_0 
    join
        locations l1_0 
            on l1_0.location_id=i1_0.location_id 
    group by
        l1_0.location_name
2026-07-28T17:15:42.951+05:30 DEBUG 2520 --- [lost-found-platform] [nio-8080-exec-5] org.hibernate.SQL                        : 
    select
        u1_0.user_id,
        u1_0.created_at,
        u1_0.department_id,
        u1_0.email,
        u1_0.first_name,
        u1_0.is_active,
        u1_0.last_name,
        u1_0.password,
        u1_0.phone,
        u1_0.profile_image,
        u1_0.role_id,
        u1_0.university_id,
        u1_0.updated_at 
    from
        users u1_0 
    where
        u1_0.email=?
Hibernate: 
    select
        u1_0.user_id,
        u1_0.created_at,
        u1_0.department_id,
        u1_0.email,
        u1_0.first_name,
        u1_0.is_active,
        u1_0.last_name,
        u1_0.password,
        u1_0.phone,
        u1_0.profile_image,
        u1_0.role_id,
        u1_0.university_id,
        u1_0.updated_at 
    from
        users u1_0 
    where
        u1_0.email=?
2026-07-28T17:15:42.953+05:30 DEBUG 2520 --- [lost-found-platform] [nio-8080-exec-3] org.hibernate.SQL                        : 
    select
        i1_0.item_id,
        i1_0.brand,
        i1_0.category_id,
        i1_0.claimed_by_user_id,
        i1_0.color,
        i1_0.created_at,
        i1_0.date_found,
        i1_0.date_lost,
        i1_0.description,
        i1_0.is_active,
        i1_0.is_claimable,
        i1_0.is_verified,
        i1_0.item_condition,
        i1_0.location_id,
        i1_0.remarks,
        i1_0.serial_number,
        i1_0.status_id,
        i1_0.title,
        i1_0.type_id,
        i1_0.updated_at,
        i1_0.uploaded_by_user_id,
        i1_0.verified_by_user_id 
    from
        items i1_0 
    where
        i1_0.is_active 
    order by
        i1_0.created_at desc 
    limit
        ?
Hibernate: 
    select
        i1_0.item_id,
        i1_0.brand,
        i1_0.category_id,
        i1_0.claimed_by_user_id,
        i1_0.color,
        i1_0.created_at,
        i1_0.date_found,
        i1_0.date_lost,
        i1_0.description,
        i1_0.is_active,
        i1_0.is_claimable,
        i1_0.is_verified,
        i1_0.item_condition,
        i1_0.location_id,
        i1_0.remarks,
        i1_0.serial_number,
        i1_0.status_id,
        i1_0.title,
        i1_0.type_id,
        i1_0.updated_at,
        i1_0.uploaded_by_user_id,
        i1_0.verified_by_user_id 
    from
        items i1_0 
    where
        i1_0.is_active 
    order by
        i1_0.created_at desc 
    limit
        ?
2026-07-28T17:15:42.957+05:30 DEBUG 2520 --- [lost-found-platform] [nio-8080-exec-5] org.hibernate.SQL                        : 
    select
        d1_0.department_id,
        d1_0.created_at,
        d1_0.department_name,
        d1_0.description 
    from
        departments d1_0 
    where
        d1_0.department_id=?
Hibernate: 
    select
        d1_0.department_id,
        d1_0.created_at,
        d1_0.department_name,
        d1_0.description 
    from
        departments d1_0 
    where
        d1_0.department_id=?
2026-07-28T17:15:42.960+05:30 DEBUG 2520 --- [lost-found-platform] [nio-8080-exec-3] org.hibernate.SQL                        : 
    select
        c1_0.claim_id,
        c1_0.claim_status,
        c1_0.claimant_user_id,
        c1_0.claimed_at,
        c1_0.item_id,
        c1_0.proof_description,
        c1_0.proof_document_url,
        c1_0.reviewed_at,
        c1_0.reviewed_by_user_id,
        c1_0.reviewer_remarks 
    from
        claims c1_0 
    order by
        c1_0.claimed_at desc
Hibernate: 
    select
        c1_0.claim_id,
        c1_0.claim_status,
        c1_0.claimant_user_id,
        c1_0.claimed_at,
        c1_0.item_id,
        c1_0.proof_description,
        c1_0.proof_document_url,
        c1_0.reviewed_at,
        c1_0.reviewed_by_user_id,
        c1_0.reviewer_remarks 
    from
        claims c1_0 
    order by
        c1_0.claimed_at desc
2026-07-28T17:15:42.964+05:30 DEBUG 2520 --- [lost-found-platform] [nio-8080-exec-5] org.hibernate.SQL                        : 
    select
        r1_0.role_id,
        r1_0.created_at,
        r1_0.description,
        r1_0.role_name 
    from
        roles r1_0 
    where
        r1_0.role_id=?
Hibernate: 
    select
        r1_0.role_id,
        r1_0.created_at,
        r1_0.description,
        r1_0.role_name 
    from
        roles r1_0 
    where
        r1_0.role_id=?
2026-07-28T17:15:42.969+05:30 DEBUG 2520 --- [lost-found-platform] [nio-8080-exec-3] org.hibernate.SQL                        : 
    select
        al1_0.audit_log_id,
        al1_0.action,
        al1_0.action_status,
        al1_0.browser_name,
        al1_0.created_at,
        al1_0.description,
        al1_0.device_type,
        al1_0.entity_id,
        al1_0.entity_name,
        al1_0.failure_reason,
        al1_0.ip_address,
        al1_0.operating_system,
        al1_0.request_method,
        al1_0.request_url,
        al1_0.user_id,
        al1_0.user_agent 
    from
        audit_logs al1_0 
    order by
        al1_0.created_at desc 
    limit
        ?
Hibernate: 
    select
        al1_0.audit_log_id,
        al1_0.action,
        al1_0.action_status,
        al1_0.browser_name,
        al1_0.created_at,
        al1_0.description,
        al1_0.device_type,
        al1_0.entity_id,
        al1_0.entity_name,
        al1_0.failure_reason,
        al1_0.ip_address,
        al1_0.operating_system,
        al1_0.request_method,
        al1_0.request_url,
        al1_0.user_id,
        al1_0.user_agent 
    from
        audit_logs al1_0 
    order by
        al1_0.created_at desc 
    limit
        ?
2026-07-28T17:15:42.973+05:30 DEBUG 2520 --- [lost-found-platform] [nio-8080-exec-5] o.s.web.servlet.DispatcherServlet        : GET "/api/notifications/unread-count", parameters={}
2026-07-28T17:15:42.975+05:30 DEBUG 2520 --- [lost-found-platform] [nio-8080-exec-5] s.w.s.m.m.a.RequestMappingHandlerMapping : Mapped to com.university.lostfound.controller.NotificationController#getUnreadCount(Authentication)
2026-07-28T17:15:42.977+05:30 DEBUG 2520 --- [lost-found-platform] [nio-8080-exec-3] o.s.w.s.m.m.a.HttpEntityMethodProcessor  : Using 'application/json', given [application/json, text/plain, */*] and supported [application/json, application/*+json]
2026-07-28T17:15:42.985+05:30 DEBUG 2520 --- [lost-found-platform] [nio-8080-exec-3] o.s.w.s.m.m.a.HttpEntityMethodProcessor  : Writing [com.university.lostfound.dto.ApiResponse@3b2fc63]
2026-07-28T17:15:42.985+05:30 DEBUG 2520 --- [lost-found-platform] [nio-8080-exec-5] org.hibernate.SQL                        : 
    select
        u1_0.user_id,
        u1_0.created_at,
        u1_0.department_id,
        u1_0.email,
        u1_0.first_name,
        u1_0.is_active,
        u1_0.last_name,
        u1_0.password,
        u1_0.phone,
        u1_0.profile_image,
        u1_0.role_id,
        u1_0.university_id,
        u1_0.updated_at 
    from
        users u1_0 
    where
        u1_0.email=?
Hibernate: 
    select
        u1_0.user_id,
        u1_0.created_at,
        u1_0.department_id,
        u1_0.email,
        u1_0.first_name,
        u1_0.is_active,
        u1_0.last_name,
        u1_0.password,
        u1_0.phone,
        u1_0.profile_image,
        u1_0.role_id,
        u1_0.university_id,
        u1_0.updated_at 
    from
        users u1_0 
    where
        u1_0.email=?
2026-07-28T17:15:42.989+05:30 DEBUG 2520 --- [lost-found-platform] [nio-8080-exec-5] org.hibernate.SQL                        : 
    select
        d1_0.department_id,
        d1_0.created_at,
        d1_0.department_name,
        d1_0.description 
    from
        departments d1_0 
    where
        d1_0.department_id=?
2026-07-28T17:15:42.989+05:30 DEBUG 2520 --- [lost-found-platform] [nio-8080-exec-3] o.s.web.servlet.DispatcherServlet        : Completed 200 OK
Hibernate: 
    select
        d1_0.department_id,
        d1_0.created_at,
        d1_0.department_name,
        d1_0.description 
    from
        departments d1_0 
    where
        d1_0.department_id=?
2026-07-28T17:15:42.995+05:30 DEBUG 2520 --- [lost-found-platform] [nio-8080-exec-5] org.hibernate.SQL                        : 
    select
        r1_0.role_id,
        r1_0.created_at,
        r1_0.description,
        r1_0.role_name 
    from
        roles r1_0 
    where
        r1_0.role_id=?
Hibernate: 
    select
        r1_0.role_id,
        r1_0.created_at,
        r1_0.description,
        r1_0.role_name 
    from
        roles r1_0 
    where
        r1_0.role_id=?
2026-07-28T17:15:42.999+05:30 DEBUG 2520 --- [lost-found-platform] [nio-8080-exec-5] org.hibernate.SQL                        : 
    select
        count(n1_0.notification_id) 
    from
        notifications n1_0 
    where
        n1_0.receiver_user_id=? 
        and not(n1_0.is_read)
Hibernate: 
    select
        count(n1_0.notification_id) 
    from
        notifications n1_0 
    where
        n1_0.receiver_user_id=? 
        and not(n1_0.is_read)
2026-07-28T17:15:43.003+05:30 DEBUG 2520 --- [lost-found-platform] [nio-8080-exec-5] o.s.w.s.m.m.a.HttpEntityMethodProcessor  : Using 'application/json', given [application/json, text/plain, */*] and supported [application/json, application/*+json]
2026-07-28T17:15:43.005+05:30 DEBUG 2520 --- [lost-found-platform] [nio-8080-exec-5] o.s.w.s.m.m.a.HttpEntityMethodProcessor  : Writing [com.university.lostfound.dto.ApiResponse@445798ec]
2026-07-28T17:15:43.007+05:30 DEBUG 2520 --- [lost-found-platform] [nio-8080-exec-5] o.s.web.servlet.DispatcherServlet        : Completed 200 OK
